"date","r_cp_prob"
2022-03-24,0.00399999999998582
2022-03-25,0.00399999999998996
2022-03-28,0.0039999999999918
2022-03-29,0.00399999999999289
2022-03-30,0.00399999999999364
2022-03-31,0.00399999999999419
2022-04-01,0.00399999999999462
2022-04-04,0.00399999999999496
2022-04-05,0.00399999999999525
2022-04-06,0.0039999999999955
2022-04-07,0.0039999999999957
2022-04-08,0.00399999999999589
2022-04-11,0.00399999999999605
2022-04-12,0.00399999999999619
2022-04-13,0.00399999999999632
2022-04-18,0.00399999999999643
2022-04-19,0.00399999999999654
2022-04-20,0.00399999999999664
2022-04-21,0.00399999999999673
2022-04-22,0.00399999999999681
2022-04-25,0.00399999999999689
2022-04-26,0.00399999999999696
2022-04-27,0.00399999999999703
2022-04-28,0.00399999999999709
2022-04-29,0.00399999999999715
2022-05-02,0.00399999999999721
2022-05-04,0.00399999999999725
2022-05-05,0.00399999999999731
2022-05-06,0.00399999999999735
2022-05-09,0.0039999999999974
2022-05-10,0.00399999999999744
2022-05-11,0.00399999999999748
2022-05-12,0.00399999999999751
2022-05-13,0.00399999999999756
2022-05-16,0.00399999999999759
2022-05-17,0.00399999999999761
2022-05-18,0.00399999999999766
2022-05-19,0.00399999999999767
2022-05-20,0.0039999999999977
2022-05-23,0.00399999999999774
2022-05-24,0.00399999999999777
2022-05-25,0.0039999999999978
2022-05-26,0.00399999999999782
2022-05-27,0.00399999999999785
2022-05-30,0.00399999999999786
2022-05-31,0.0039999999999979
2022-06-01,0.00399999999999792
2022-06-02,0.00399999999999794
2022-06-03,0.00399999999999796
2022-06-06,0.00399999999999798
2022-06-07,0.003999999999998
2022-06-08,0.00399999999999802
2022-06-09,0.00399999999999804
2022-06-10,0.00399999999999805
2022-06-13,0.00399999999999806
2022-06-14,0.00399999999999809
2022-06-15,0.00399999999999811
2022-06-16,0.00399999999999812
2022-06-17,0.00399999999999814
2022-06-20,0.00399999999999816
2022-06-21,0.00399999999999816
2022-06-22,0.00399999999999818
2022-06-23,0.0039999999999982
2022-06-24,0.00399999999999821
2022-06-27,0.00399999999999823
2022-06-28,0.00399999999999824
2022-06-29,0.00399999999999826
2022-06-30,0.00399999999999827
2022-07-01,0.00399999999999828
2022-07-04,0.00399999999999829
2022-07-05,0.00399999999999831
2022-07-06,0.00399999999999831
2022-07-07,0.00399999999999833
2022-07-08,0.00399999999999834
2022-07-11,0.00399999999999835
2022-07-12,0.00399999999999836
2022-07-13,0.00399999999999837
2022-07-14,0.00399999999999838
2022-07-15,0.00399999999999839
2022-07-18,0.0039999999999984
2022-07-19,0.00399999999999841
2022-07-20,0.00399999999999842
2022-07-21,0.00399999999999843
2022-07-22,0.00399999999999844
2022-07-25,0.00399999999999845
2022-07-26,0.00399999999999846
2022-07-27,0.00399999999999847
2022-07-28,0.00399999999999847
2022-07-29,0.00399999999999848
2022-08-01,0.00399999999999849
2022-08-02,0.0039999999999985
2022-08-03,0.00399999999999851
2022-08-04,0.00399999999999852
2022-08-05,0.00399999999999853
2022-08-08,0.00399999999999853
2022-08-10,0.00399999999999854
2022-08-11,0.00399999999999855
2022-08-12,0.00399999999999856
2022-08-16,0.00399999999999856
2022-08-17,0.00399999999999857
2022-08-18,0.00399999999999858
2022-08-19,0.00399999999999858
2022-08-22,0.00399999999999858
2022-08-23,0.0039999999999986
2022-08-24,0.00399999999999861
2022-08-25,0.00399999999999861
2022-08-26,0.00399999999999862
2022-08-29,0.00399999999999862
2022-08-30,0.00399999999999861
2022-09-01,0.00399999999999863
2022-09-02,0.00399999999999864
2022-09-05,0.00399999999999865
2022-09-06,0.00399999999999866
2022-09-07,0.00399999999999866
2022-09-08,0.00399999999999866
2022-09-09,0.00399999999999867
2022-09-12,0.00399999999999868
2022-09-13,0.00399999999999868
2022-09-14,0.00399999999999869
2022-09-15,0.00399999999999869
2022-09-16,0.00399999999999869
2022-09-19,0.00399999999999871
2022-09-20,0.00399999999999871
2022-09-21,0.00399999999999872
2022-09-22,0.00399999999999872
2022-09-23,0.00399999999999871
2022-09-26,0.00399999999999872
2022-09-27,0.00399999999999874
2022-09-28,0.00399999999999874
2022-09-29,0.00399999999999875
2022-09-30,0.00399999999999874
2022-10-03,0.00399999999999875
2022-10-04,0.00399999999999874
2022-10-06,0.00399999999999876
2022-10-07,0.00399999999999877
2022-10-10,0.00399999999999877
2022-10-11,0.00399999999999877
2022-10-12,0.00399999999999878
2022-10-13,0.00399999999999879
2022-10-14,0.00399999999999879
2022-10-17,0.00399999999999879
2022-10-18,0.0039999999999988
2022-10-19,0.0039999999999988
2022-10-20,0.00399999999999881
2022-10-21,0.00399999999999881
2022-10-24,0.00399999999999881
2022-10-25,0.00399999999999882
2022-10-27,0.00399999999999882
2022-10-28,0.00399999999999883
2022-10-31,0.00399999999999883
2022-11-01,0.00399999999999883
2022-11-02,0.00399999999999884
2022-11-03,0.00399999999999884
2022-11-04,0.00399999999999885
2022-11-07,0.00399999999999885
2022-11-09,0.00399999999999885
2022-11-10,0.00399999999999886
2022-11-11,0.00399999999999885
2022-11-14,0.00399999999999887
2022-11-15,0.00399999999999887
2022-11-16,0.00399999999999887
2022-11-17,0.00399999999999888
2022-11-18,0.00399999999999888
2022-11-21,0.00399999999999888
2022-11-22,0.00399999999999889
2022-11-23,0.00399999999999889
2022-11-24,0.00399999999999889
2022-11-25,0.0039999999999989
2022-11-28,0.0039999999999989
2022-11-29,0.0039999999999989
2022-11-30,0.0039999999999989
2022-12-01,0.00399999999999891
2022-12-02,0.00399999999999891
2022-12-05,0.00399999999999892
2022-12-06,0.00399999999999892
2022-12-07,0.00399999999999892
2022-12-08,0.00399999999999893
2022-12-09,0.00399999999999893
2022-12-12,0.00399999999999893
2022-12-13,0.00399999999999893
2022-12-14,0.00399999999999894
2022-12-15,0.00399999999999893
2022-12-16,0.00399999999999894
2022-12-19,0.00399999999999894
2022-12-20,0.00399999999999895
2022-12-21,0.00399999999999895
2022-12-22,0.00399999999999895
2022-12-23,0.00399999999999894
2022-12-26,0.00399999999999895
2022-12-27,0.00399999999999896
2022-12-28,0.00399999999999896
2022-12-29,0.00399999999999897
2022-12-30,0.00399999999999897
2023-01-02,0.00399999999999897
2023-01-03,0.00399999999999898
2023-01-04,0.00399999999999897
2023-01-05,0.00399999999999898
2023-01-06,0.00399999999999898
2023-01-09,0.00399999999999898
2023-01-10,0.00399999999999898
2023-01-11,0.00399999999999899
2023-01-12,0.00399999999999899
2023-01-13,0.00399999999999899
2023-01-16,0.003999999999999
2023-01-17,0.003999999999999
2023-01-18,0.003999999999999
2023-01-19,0.00399999999999901
2023-01-20,0.00399999999999901
2023-01-23,0.00399999999999901
2023-01-24,0.00399999999999901
2023-01-25,0.00399999999999901
2023-01-27,0.003999999999999
2023-01-30,0.00399999999999902
2023-01-31,0.00399999999999902
2023-02-01,0.00399999999999902
2023-02-02,0.00399999999999903
2023-02-03,0.00399999999999902
2023-02-06,0.00399999999999903
2023-02-07,0.00399999999999903
2023-02-08,0.00399999999999903
2023-02-09,0.00399999999999904
2023-02-10,0.00399999999999904
2023-02-13,0.00399999999999904
2023-02-14,0.00399999999999904
2023-02-15,0.00399999999999905
2023-02-16,0.00399999999999905
2023-02-17,0.00399999999999905
2023-02-20,0.00399999999999905
2023-02-21,0.00399999999999905
2023-02-22,0.00399999999999904
2023-02-23,0.00399999999999906
2023-02-24,0.00399999999999906
2023-02-27,0.00399999999999906
2023-02-28,0.00399999999999906
2023-03-01,0.00399999999999906
2023-03-02,0.00399999999999907
2023-03-03,0.00399999999999906
2023-03-06,0.00399999999999907
2023-03-08,0.00399999999999907
2023-03-09,0.00399999999999907
2023-03-10,0.00399999999999907
2023-03-13,0.00399999999999907
2023-03-14,0.00399999999999908
2023-03-15,0.00399999999999908
2023-03-16,0.00399999999999909
2023-03-17,0.00399999999999908
2023-03-20,0.00399999999999909
2023-03-21,0.00399999999999909
2023-03-22,0.00399999999999909
2023-03-23,0.00399999999999909
2023-03-24,0.00399999999999909
2023-03-27,0.0039999999999991
2023-03-28,0.0039999999999991
2023-03-29,0.0039999999999991
2023-03-31,0.00399999999999909
2023-04-03,0.0039999999999991
2023-04-05,0.0039999999999991
2023-04-06,0.00399999999999911
2023-04-10,0.00399999999999911
2023-04-11,0.00399999999999911
2023-04-12,0.00399999999999911
2023-04-13,0.00399999999999912
2023-04-17,0.00399999999999912
2023-04-18,0.00399999999999912
2023-04-19,0.00399999999999912
2023-04-20,0.00399999999999912
2023-04-21,0.00399999999999912
2023-04-24,0.00399999999999912
2023-04-25,0.00399999999999913
2023-04-26,0.00399999999999913
2023-04-27,0.00399999999999913
2023-04-28,0.00399999999999913
2023-05-02,0.00399999999999913
2023-05-03,0.00399999999999913
2023-05-04,0.00399999999999913
2023-05-05,0.00399999999999913
2023-05-08,0.00399999999999913
2023-05-09,0.00399999999999914
2023-05-10,0.00399999999999914
2023-05-11,0.00399999999999914
2023-05-12,0.00399999999999915
2023-05-15,0.00399999999999915
2023-05-16,0.00399999999999915
2023-05-17,0.00399999999999915
2023-05-18,0.00399999999999915
2023-05-19,0.00399999999999915
2023-05-22,0.00399999999999915
2023-05-23,0.00399999999999916
2023-05-24,0.00399999999999916
2023-05-25,0.00399999999999916
2023-05-26,0.00399999999999916
2023-05-29,0.00399999999999916
2023-05-30,0.00399999999999916
2023-05-31,0.00399999999999916
2023-06-01,0.00399999999999917
2023-06-02,0.00399999999999917
2023-06-05,0.00399999999999917
2023-06-06,0.00399999999999917
2023-06-07,0.00399999999999917
2023-06-08,0.00399999999999917
2023-06-09,0.00399999999999917
2023-06-12,0.00399999999999918
2023-06-13,0.00399999999999918
2023-06-14,0.00399999999999918
2023-06-15,0.00399999999999918
2023-06-16,0.00399999999999918
2023-06-19,0.00399999999999918
2023-06-20,0.00399999999999918
2023-06-21,0.00399999999999919
2023-06-22,0.00399999999999919
2023-06-23,0.00399999999999919
2023-06-26,0.00399999999999919
2023-06-27,0.00399999999999919
2023-06-28,0.00399999999999919
2023-06-30,0.00399999999999918
2023-07-03,0.00399999999999919
2023-07-04,0.0039999999999992
2023-07-05,0.0039999999999992
2023-07-06,0.0039999999999992
2023-07-07,0.00399999999999919
2023-07-10,0.0039999999999992
2023-07-11,0.0039999999999992
2023-07-12,0.0039999999999992
2023-07-13,0.0039999999999992
2023-07-14,0.0039999999999992
2023-07-17,0.0039999999999992
2023-07-18,0.00399999999999921
2023-07-19,0.00399999999999921
2023-07-20,0.00399999999999921
2023-07-21,0.0039999999999992
2023-07-24,0.00399999999999921
2023-07-25,0.00399999999999921
2023-07-26,0.00399999999999921
2023-07-27,0.00399999999999921
2023-07-28,0.00399999999999922
2023-07-31,0.00399999999999922
2023-08-01,0.00399999999999922
2023-08-02,0.00399999999999921
2023-08-03,0.00399999999999922
2023-08-04,0.00399999999999922
2023-08-07,0.00399999999999922
2023-08-08,0.00399999999999923
2023-08-09,0.00399999999999923
2023-08-10,0.00399999999999923
2023-08-11,0.00399999999999923
2023-08-14,0.00399999999999923
2023-08-16,0.00399999999999923
2023-08-17,0.00399999999999923
2023-08-18,0.00399999999999923
2023-08-21,0.00399999999999923
2023-08-22,0.00399999999999924
2023-08-23,0.00399999999999924
2023-08-24,0.00399999999999924
2023-08-25,0.00399999999999924
2023-08-28,0.00399999999999924
2023-08-29,0.00399999999999924
2023-08-30,0.00399999999999924
2023-08-31,0.00399999999999924
2023-09-01,0.00399999999999924
2023-09-04,0.00399999999999924
2023-09-05,0.00399999999999925
2023-09-06,0.00399999999999925
2023-09-07,0.00399999999999925
2023-09-08,0.00399999999999925
2023-09-11,0.00399999999999925
2023-09-12,0.00399999999999925
2023-09-13,0.00399999999999925
2023-09-14,0.00399999999999925
2023-09-15,0.00399999999999925
2023-09-18,0.00399999999999925
2023-09-20,0.00399999999999925
2023-09-21,0.00399999999999925
2023-09-22,0.00399999999999926
2023-09-25,0.00399999999999926
2023-09-26,0.00399999999999926
2023-09-27,0.00399999999999926
2023-09-28,0.00399999999999926
2023-09-29,0.00399999999999926
2023-10-03,0.00399999999999926
2023-10-04,0.00399999999999926
2023-10-05,0.00399999999999926
2023-10-06,0.00399999999999927
2023-10-09,0.00399999999999926
2023-10-10,0.00399999999999926
2023-10-11,0.00399999999999927
2023-10-12,0.00399999999999927
2023-10-13,0.00399999999999927
2023-10-16,0.00399999999999927
2023-10-17,0.00399999999999927
2023-10-18,0.00399999999999927
2023-10-19,0.00399999999999927
2023-10-20,0.00399999999999928
2023-10-23,0.00399999999999926
2023-10-25,0.00399999999999927
2023-10-26,0.00399999999999926
2023-10-27,0.00399999999999927
2023-10-30,0.00399999999999928
2023-10-31,0.00399999999999928
2023-11-01,0.00399999999999928
2023-11-02,0.00399999999999928
2023-11-03,0.00399999999999928
2023-11-06,0.00399999999999928
2023-11-07,0.00399999999999929
2023-11-08,0.00399999999999929
2023-11-09,0.00399999999999929
2023-11-10,0.00399999999999929
2023-11-13,0.00399999999999929
2023-11-15,0.00399999999999928
2023-11-16,0.00399999999999929
2023-11-17,0.00399999999999929
2023-11-20,0.00399999999999929
2023-11-21,0.00399999999999929
2023-11-22,0.00399999999999929
2023-11-23,0.0039999999999993
2023-11-24,0.0039999999999993
2023-11-28,0.0039999999999993
2023-11-29,0.00399999999999929
2023-11-30,0.0039999999999993
2023-12-01,0.0039999999999993
2023-12-04,0.00399999999999927
2023-12-05,0.0039999999999993
2023-12-06,0.0039999999999993
2023-12-07,0.0039999999999993
2023-12-08,0.0039999999999993
2023-12-11,0.0039999999999993
2023-12-12,0.0039999999999993
2023-12-13,0.00399999999999931
2023-12-14,0.0039999999999993
2023-12-15,0.0039999999999993
2023-12-18,0.00399999999999931
2023-12-19,0.00399999999999931
2023-12-20,0.00399999999999929
2023-12-21,0.00399999999999931
2023-12-22,0.00399999999999931
2023-12-26,0.00399999999999931
2023-12-27,0.00399999999999931
2023-12-28,0.00399999999999931
2023-12-29,0.00399999999999931
2024-01-01,0.00399999999999932
2024-01-02,0.00399999999999932
2024-01-03,0.00399999999999931
2024-01-04,0.00399999999999931
2024-01-05,0.00399999999999932
2024-01-08,0.00399999999999931
2024-01-09,0.00399999999999932
2024-01-10,0.00399999999999932
2024-01-11,0.00399999999999932
2024-01-12,0.00399999999999931
2024-01-15,0.00399999999999932
2024-01-16,0.00399999999999932
2024-01-17,0.00399999999999929
2024-01-18,0.00399999999999932
2024-01-19,0.00399999999999932
2024-01-23,0.0039999999999993
2024-01-24,0.00399999999999932
2024-01-25,0.00399999999999933
2024-01-29,0.00399999999999931
2024-01-30,0.00399999999999932
2024-01-31,0.00399999999999932
2024-02-01,0.00399999999999933
2024-02-02,0.00399999999999933
2024-02-05,0.00399999999999933
2024-02-06,0.00399999999999933
2024-02-07,0.00399999999999933
2024-02-08,0.00399999999999933
2024-02-09,0.00399999999999933
2024-02-12,0.00399999999999933
2024-02-13,0.00399999999999933
2024-02-14,0.00399999999999934
2024-02-15,0.00399999999999934
2024-02-16,0.00399999999999934
2024-02-19,0.00399999999999934
2024-02-20,0.00399999999999934
2024-02-21,0.00399999999999934
2024-02-22,0.00399999999999934
2024-02-23,0.00399999999999934
2024-02-26,0.00399999999999934
2024-02-27,0.00399999999999934
2024-02-28,0.00399999999999933
2024-02-29,0.00399999999999935
2024-03-01,0.00399999999999933
2024-03-04,0.00399999999999935
2024-03-05,0.00399999999999935
2024-03-06,0.00399999999999935
2024-03-07,0.00399999999999935
2024-03-11,0.00399999999999934
2024-03-12,0.00399999999999935
2024-03-13,0.00399999999999933
2024-03-14,0.00399999999999935
2024-03-15,0.00399999999999935
2024-03-18,0.00399999999999935
2024-03-19,0.00399999999999934
2024-03-20,0.00399999999999935
2024-03-21,0.00399999999999935
2024-03-22,0.00399999999999935
2024-03-26,0.00399999999999935
2024-03-27,0.00399999999999935
2024-03-28,0.00399999999999935
2024-04-01,0.00399999999999935
2024-04-02,0.00399999999999936
2024-04-03,0.00399999999999936
2024-04-04,0.00399999999999936
2024-04-05,0.00399999999999936
2024-04-08,0.00399999999999936
2024-04-09,0.00399999999999936
2024-04-10,0.00399999999999936
2024-04-12,0.00399999999999935
2024-04-15,0.00399999999999935
2024-04-16,0.00399999999999936
2024-04-18,0.00399999999999936
2024-04-19,0.00399999999999936
2024-04-22,0.00399999999999936
2024-04-23,0.00399999999999937
2024-04-24,0.00399999999999937
2024-04-25,0.00399999999999936
2024-04-26,0.00399999999999936
2024-04-29,0.00399999999999936
2024-04-30,0.00399999999999937
2024-05-02,0.00399999999999937
2024-05-03,0.00399999999999937
2024-05-06,0.00399999999999937
2024-05-07,0.00399999999999937
2024-05-08,0.00399999999999937
2024-05-09,0.00399999999999935
2024-05-10,0.00399999999999937
2024-05-13,0.00399999999999937
2024-05-14,0.00399999999999937
2024-05-15,0.00399999999999937
2024-05-16,0.00399999999999937
2024-05-17,0.00399999999999938
2024-05-21,0.00399999999999938
2024-05-22,0.00399999999999938
2024-05-23,0.00399999999999936
2024-05-24,0.00399999999999938
2024-05-27,0.00399999999999938
2024-05-28,0.00399999999999938
2024-05-29,0.00399999999999937
2024-05-30,0.00399999999999937
2024-05-31,0.00399999999999938
2024-06-03,0.00399999999999929
2024-06-04,0.00399999999999898
2024-06-05,0.00399999999999929
2024-06-06,0.00399999999999938
2024-06-07,0.00399999999999935
2024-06-10,0.00399999999999938
2024-06-11,0.00399999999999939
2024-06-12,0.00399999999999939
2024-06-13,0.00399999999999939
2024-06-14,0.00399999999999939
2024-06-18,0.00399999999999939
2024-06-19,0.00399999999999939
2024-06-20,0.00399999999999939
2024-06-21,0.00399999999999939
2024-06-24,0.00399999999999939
2024-06-25,0.00399999999999939
2024-06-26,0.00399999999999939
2024-06-27,0.00399999999999939
2024-06-28,0.00399999999999939
2024-07-01,0.00399999999999939
2024-07-02,0.00399999999999939
2024-07-03,0.00399999999999939
2024-07-04,0.00399999999999939
2024-07-05,0.00399999999999939
2024-07-08,0.00399999999999939
2024-07-09,0.00399999999999939
2024-07-10,0.00399999999999939
2024-07-11,0.0039999999999994
2024-07-12,0.00399999999999939
2024-07-15,0.0039999999999994
2024-07-16,0.0039999999999994
2024-07-18,0.00399999999999939
2024-07-19,0.00399999999999939
2024-07-22,0.0039999999999994
2024-07-23,0.0039999999999994
2024-07-24,0.0039999999999994
2024-07-25,0.0039999999999994
2024-07-26,0.00399999999999938
2024-07-29,0.0039999999999994
2024-07-30,0.0039999999999994
2024-07-31,0.0039999999999994
2024-08-01,0.0039999999999994
2024-08-02,0.00399999999999939
2024-08-05,0.00399999999999934
2024-08-06,0.0039999999999994
2024-08-07,0.00399999999999939
2024-08-08,0.0039999999999994
2024-08-09,0.0039999999999994
2024-08-12,0.00399999999999941
2024-08-13,0.0039999999999994
2024-08-14,0.00399999999999941
2024-08-16,0.00399999999999939
2024-08-19,0.00399999999999941
2024-08-20,0.00399999999999941
2024-08-21,0.00399999999999941
2024-08-22,0.00399999999999941
2024-08-23,0.00399999999999941
2024-08-26,0.00399999999999941
2024-08-27,0.00399999999999941
2024-08-28,0.00399999999999941
2024-08-29,0.00399999999999941
2024-08-30,0.00399999999999941
2024-09-02,0.00399999999999941
2024-09-03,0.00399999999999941
2024-09-04,0.00399999999999941
2024-09-05,0.00399999999999941
2024-09-06,0.0039999999999994
2024-09-09,0.00399999999999942
2024-09-10,0.00399999999999942
2024-09-11,0.00399999999999941
2024-09-12,0.00399999999999939
2024-09-13,0.00399999999999942
2024-09-16,0.00399999999999942
2024-09-17,0.00399999999999942
2024-09-18,0.00399999999999942
2024-09-19,0.00399999999999942
2024-09-20,0.0039999999999994
2024-09-23,0.00399999999999942
2024-09-24,0.00399999999999942
2024-09-25,0.00399999999999942
2024-09-26,0.00399999999999942
2024-09-27,0.00399999999999942
2024-09-30,0.0039999999999994
2024-10-01,0.00399999999999942
2024-10-03,0.00399999999999938
2024-10-04,0.00399999999999942
2024-10-07,0.00399999999999942
2024-10-08,0.00399999999999942
2024-10-09,0.00399999999999943
2024-10-10,0.00399999999999943
2024-10-11,0.00399999999999943
2024-10-14,0.00399999999999942
2024-10-15,0.00399999999999943
2024-10-16,0.00399999999999943
2024-10-17,0.00399999999999942
2024-10-18,0.00399999999999943
2024-10-21,0.00399999999999943
2024-10-22,0.00399999999999941
2024-10-23,0.00399999999999943
2024-10-24,0.00399999999999943
2024-10-25,0.00399999999999942
2024-10-28,0.00399999999999943
2024-10-29,0.00399999999999943
2024-10-30,0.00399999999999943
2024-10-31,0.00399999999999943
2024-11-01,0.00399999999999943
2024-11-04,0.00399999999999942
2024-11-05,0.00399999999999943
2024-11-06,0.00399999999999942
2024-11-07,0.00399999999999942
2024-11-08,0.00399999999999943
2024-11-11,0.00399999999999944
2024-11-12,0.00399999999999942
2024-11-13,0.00399999999999942
2024-11-14,0.00399999999999944
2024-11-18,0.00399999999999944
2024-11-19,0.00399999999999944
2024-11-21,0.00399999999999943
2024-11-22,0.00399999999999939
2024-11-25,0.00399999999999943
2024-11-26,0.00399999999999944
2024-11-27,0.00399999999999944
2024-11-28,0.00399999999999942
2024-11-29,0.00399999999999943
2024-12-02,0.00399999999999944
2024-12-03,0.00399999999999944
2024-12-04,0.00399999999999944
2024-12-05,0.00399999999999943
2024-12-06,0.00399999999999944
2024-12-09,0.00399999999999944
2024-12-10,0.00399999999999944
2024-12-11,0.00399999999999944
2024-12-12,0.00399999999999944
2024-12-13,0.00399999999999944
2024-12-16,0.00399999999999944
2024-12-17,0.00399999999999943
2024-12-18,0.00399999999999944
2024-12-19,0.00399999999999944
2024-12-20,0.00399999999999942
2024-12-23,0.00399999999999944
2024-12-24,0.00399999999999945
2024-12-26,0.00399999999999945
2024-12-27,0.00399999999999945
2024-12-30,0.00399999999999944
2024-12-31,0.00399999999999945
2025-01-01,0.00399999999999945
2025-01-02,0.00399999999999942
2025-01-03,0.00399999999999944
2025-01-06,0.00399999999999943
2025-01-07,0.00399999999999945
2025-01-08,0.00399999999999945
2025-01-09,0.00399999999999945
2025-01-10,0.00399999999999945
2025-01-13,0.00399999999999943
2025-01-14,0.00399999999999945
2025-01-15,0.00399999999999945
2025-01-16,0.00399999999999945
2025-01-17,0.00399999999999945
2025-01-20,0.00399999999999945
2025-01-21,0.00399999999999944
2025-01-22,0.00399999999999945
2025-01-23,0.00399999999999946
2025-01-24,0.00399999999999945
2025-01-27,0.00399999999999944
2025-01-28,0.00399999999999945
2025-01-29,0.00399999999999945
2025-01-30,0.00399999999999946
2025-01-31,0.00399999999999945
2025-02-01,0.00399999999999946
2025-02-03,0.00399999999999946
2025-02-04,0.00399999999999944
2025-02-05,0.00399999999999946
2025-02-06,0.00399999999999946
2025-02-07,0.00399999999999946
2025-02-10,0.00399999999999945
2025-02-11,0.00399999999999944
2025-02-12,0.00399999999999946
2025-02-13,0.00399999999999946
2025-02-14,0.00399999999999946
2025-02-17,0.00399999999999946
2025-02-18,0.00399999999999946
2025-02-19,0.00399999999999946
2025-02-20,0.00399999999999946
2025-02-21,0.00399999999999946
2025-02-24,0.00399999999999945
2025-02-25,0.00399999999999946
2025-02-27,0.00399999999999946
2025-02-28,0.00399999999999943
2025-03-03,0.00399999999999947
2025-03-04,0.00399999999999947
2025-03-05,0.00399999999999945
2025-03-06,0.00399999999999946
2025-03-07,0.00399999999999947
2025-03-10,0.00399999999999947
2025-03-11,0.00399999999999947
2025-03-12,0.00399999999999947
2025-03-13,0.00399999999999947
2025-03-17,0.00399999999999947
2025-03-18,0.00399999999999945
2025-03-19,0.00399999999999947
2025-03-20,0.00399999999999946
2025-03-21,0.00399999999999947
2025-03-24,0.00399999999999946
2025-03-25,0.00399999999999947
2025-03-26,0.00399999999999946
2025-03-27,0.00399999999999947
2025-03-28,0.00399999999999947
2025-04-01,0.00399999999999945
2025-04-02,0.00399999999999947
2025-04-03,0.00399999999999947
2025-04-04,0.00399999999999945
2025-04-07,0.00399999999999935
2025-04-08,0.00399999999999945
2025-04-09,0.00399999999999947
2025-04-11,0.00399999999999944
2025-04-15,0.00399999999999943
2025-04-16,0.00399999999999947
2025-04-17,0.00399999999999945
2025-04-21,0.00399999999999946
2025-04-22,0.00399999999999948
2025-04-23,0.00399999999999947
2025-04-24,0.00399999999999948
2025-04-25,0.00399999999999947
2025-04-28,0.00399999999999946
2025-04-29,0.00399999999999948
2025-04-30,0.00399999999999948
2025-05-02,0.00399999999999948
2025-05-05,0.00399999999999948
2025-05-06,0.00399999999999948
2025-05-07,0.00399999999999948
2025-05-08,0.00399999999999948
2025-05-09,0.00399999999999947
2025-05-12,0.00399999999999933
2025-05-13,0.00399999999999946
2025-05-14,0.00399999999999948
2025-05-15,0.00399999999999946
2025-05-16,0.00399999999999948
2025-05-19,0.00399999999999948
2025-05-20,0.00399999999999947
2025-05-21,0.00399999999999948
2025-05-22,0.00399999999999948
2025-05-23,0.00399999999999948
2025-05-26,0.00399999999999948
2025-05-27,0.00399999999999948
2025-05-28,0.00399999999999948
2025-05-29,0.00399999999999948
2025-05-30,0.00399999999999948
2025-06-02,0.00399999999999948
2025-06-03,0.00399999999999948
2025-06-04,0.00399999999999949
2025-06-05,0.00399999999999948
2025-06-06,0.00399999999999948
2025-06-09,0.00399999999999949
2025-06-10,0.00399999999999949
2025-06-11,0.00399999999999949
2025-06-12,0.00399999999999948
2025-06-13,0.00399999999999948
2025-06-16,0.00399999999999948
2025-06-17,0.00399999999999949
2025-06-18,0.00399999999999949
2025-06-19,0.00399999999999949
2025-06-20,0.00399999999999947
2025-06-23,0.00399999999999949
2025-06-24,0.00399999999999949
2025-06-25,0.00399999999999948
2025-06-26,0.00399999999999948
2025-06-27,0.00399999999999949
2025-06-30,0.00399999999999949
2025-07-01,0.00399999999999949
2025-07-02,0.00399999999999949
2025-07-03,0.00399999999999949
2025-07-04,0.00399999999999949
2025-07-07,0.00399999999999949
2025-07-08,0.00399999999999949
2025-07-09,0.00399999999999949
2025-07-10,0.00399999999999949
2025-07-11,0.00399999999999949
2025-07-14,0.00399999999999949
2025-07-15,0.00399999999999949
2025-07-16,0.0039999999999995
2025-07-17,0.00399999999999949
2025-07-18,0.00399999999999949
2025-07-21,0.00399999999999949
2025-07-22,0.0039999999999995
2025-07-23,0.00399999999999949
2025-07-24,0.00399999999999949
2025-07-25,0.00399999999999949
2025-07-28,0.00399999999999949
2025-07-29,0.0039999999999995
2025-07-30,0.0039999999999995
2025-07-31,0.0039999999999995
2025-08-01,0.00399999999999949
2025-08-04,0.0039999999999995
2025-08-05,0.0039999999999995
2025-08-06,0.0039999999999995
2025-08-07,0.0039999999999995
2025-08-08,0.00399999999999949
2025-08-11,0.00399999999999949
2025-08-12,0.0039999999999995
2025-08-13,0.0039999999999995
2025-08-14,0.0039999999999995
2025-08-18,0.00399999999999949
2025-08-19,0.0039999999999995
2025-08-20,0.0039999999999995
2025-08-21,0.0039999999999995
2025-08-22,0.00399999999999949
2025-08-25,0.0039999999999995
2025-08-26,0.00399999999999949
2025-08-28,0.0039999999999995
2025-08-29,0.0039999999999995
2025-09-01,0.0039999999999995
2025-09-02,0.0039999999999995
2025-09-03,0.0039999999999995
2025-09-04,0.0039999999999995
2025-09-05,0.00399999999999951
2025-09-08,0.00399999999999951
2025-09-09,0.0039999999999995
2025-09-10,0.00399999999999951
2025-09-11,0.00399999999999951
2025-09-12,0.00399999999999951
2025-09-15,0.00399999999999951
2025-09-16,0.0039999999999995
2025-09-17,0.00399999999999951
2025-09-18,0.00399999999999951
2025-09-19,0.00399999999999951
2025-09-22,0.00399999999999951
2025-09-23,0.00399999999999951
2025-09-24,0.00399999999999951
2025-09-25,0.0039999999999995
2025-09-26,0.0039999999999995
2025-09-29,0.00399999999999951
2025-09-30,0.00399999999999951
2025-10-01,0.0039999999999995
2025-10-03,0.00399999999999951
2025-10-06,0.00399999999999951
2025-10-07,0.00399999999999951
2025-10-08,0.00399999999999951
2025-10-09,0.00399999999999951
2025-10-10,0.00399999999999951
2025-10-13,0.00399999999999951
2025-10-14,0.00399999999999951
2025-10-15,0.00399999999999951
2025-10-16,0.0039999999999995
2025-10-17,0.00399999999999951
2025-10-20,0.00399999999999951
2025-10-21,0.00399999999999951
2025-10-23,0.00399999999999951
2025-10-24,0.00399999999999951
2025-10-27,0.00399999999999951
2025-10-28,0.00399999999999951
2025-10-29,0.00399999999999951
2025-10-30,0.00399999999999951
2025-10-31,0.00399999999999951
2025-11-03,0.00399999999999952
2025-11-04,0.00399999999999951
2025-11-06,0.00399999999999952
2025-11-07,0.00399999999999952
2025-11-10,0.00399999999999952
2025-11-11,0.00399999999999952
2025-11-12,0.00399999999999951
2025-11-13,0.00399999999999952
2025-11-14,0.00399999999999952
2025-11-17,0.00399999999999952
2025-11-18,0.00399999999999952
2025-11-19,0.00399999999999952
2025-11-20,0.00399999999999952
2025-11-21,0.00399999999999952
2025-11-24,0.00399999999999952
2025-11-25,0.00399999999999952
2025-11-26,0.00399999999999951
2025-11-27,0.00399999999999952
2025-11-28,0.00399999999999952
2025-12-01,0.00399999999999952
2025-12-02,0.00399999999999952
2025-12-03,0.00399999999999952
2025-12-04,0.00399999999999952
2025-12-05,0.00399999999999952
2025-12-08,0.00399999999999951
2025-12-09,0.00399999999999952
2025-12-10,0.00399999999999952
2025-12-11,0.00399999999999952
2025-12-12,0.00399999999999952
2025-12-15,0.00399999999999952
2025-12-16,0.00399999999999952
2025-12-17,0.00399999999999952
2025-12-18,0.00399999999999952
2025-12-19,0.00399999999999952
2025-12-22,0.00399999999999952
2025-12-23,0.00399999999999953
2025-12-24,0.00399999999999953
2025-12-26,0.00399999999999952
2025-12-29,0.00399999999999952
2025-12-30,0.00399999999999953
2025-12-31,0.00399999999999952
2026-01-01,0.00399999999999953
2026-01-02,0.00399999999999952
2026-01-05,0.00399999999999953
2026-01-06,0.00399999999999953
2026-01-07,0.00399999999999953
2026-01-08,0.00399999999999952
2026-01-09,0.00399999999999952
2026-01-12,0.00399999999999953
2026-01-13,0.00399999999999953
2026-01-14,0.00399999999999953
2026-01-16,0.00399999999999953
2026-01-19,0.00399999999999953
2026-01-20,0.00399999999999951
2026-01-21,0.00399999999999953
2026-01-22,0.00399999999999953
2026-01-23,0.00399999999999952
2026-01-27,0.00399999999999953
2026-01-28,0.00399999999999953
2026-01-29,0.00399999999999953
2026-01-30,0.00399999999999953
2026-02-02,0.00399999999999952
2026-02-03,0.00399999999999946
2026-02-04,0.00399999999999953
2026-02-05,0.00399999999999953
2026-02-06,0.00399999999999953
2026-02-09,0.00399999999999953
2026-02-10,0.00399999999999953
2026-02-11,0.00399999999999953
2026-02-12,0.00399999999999953
2026-02-13,0.00399999999999951
2026-02-16,0.00399999999999953
2026-02-17,0.00399999999999953
2026-02-18,0.00399999999999953
2026-02-19,0.00399999999999951
2026-02-20,0.00399999999999953
2026-02-23,0.00399999999999953
2026-02-24,0.00399999999999952
2026-02-25,0.00399999999999954
2026-02-26,0.00399999999999954
2026-02-27,0.00399999999999952
2026-03-02,0.00399999999999952
2026-03-04,0.00399999999999951
2026-03-05,0.00399999999999952
2026-03-06,0.00399999999999952
2026-03-09,0.0039999999999995
2026-03-10,0.00399999999999953
2026-03-11,0.00399999999999951
2026-03-12,0.00399999999999953
2026-03-13,0.00399999999999949
2026-03-16,0.00399999999999953
2026-03-17,0.00399999999999953
2026-03-18,0.00399999999999953
2026-03-19,0.0039999999999994
2026-03-20,0.00399999999999954
2026-03-23,0.00399999999999945
2026-03-24,0.00399999999999951
2026-03-25,0.00399999999999951
2026-03-27,0.00399999999999949
2026-03-30,0.00399999999999948
2026-04-01,0.00399999999999951
2026-04-02,0.00399999999999954
2026-04-06,0.00399999999999953
2026-04-07,0.00399999999999954
2026-04-08,0.00399999999999936
2026-04-09,0.00399999999999953
2026-04-10,0.00399999999999953
2026-04-13,0.00399999999999953
