date,strategy,buyhold
2019-01-02,0.993551255833389,0.993551255833389
2019-01-03,0.9874595265615472,0.982481110962973
2019-01-04,0.9902646206807998,0.9875535488680424
2019-01-07,0.9925299138083776,0.991645607925237
2019-01-08,0.9941692570469806,0.9944396651662362
2019-01-09,0.9990470793988356,0.9993188142567314
2019-01-10,0.9957715857654401,0.9962301489016118
2019-01-11,0.9932750506936283,0.9937768193849085
2019-01-14,0.9879980549573149,0.9884971578902609
2019-01-15,1.0025146458281575,1.0022324408574437
2019-01-16,1.0028425116589257,1.00255464881625
2019-01-17,1.004214626791389,1.0039263700873065
2019-01-18,1.0043842481155967,1.0040874740667096
2019-01-21,1.0095362462663378,1.0091414821080638
2019-01-22,1.0059353509534557,1.0055419948718232
2019-01-23,0.997060286673724,0.9971415730886592
2019-01-24,0.9987768234726092,0.9988262424357773
2019-01-25,0.9924020242808678,0.992451127822253
2019-01-28,0.9834836086741573,0.9814960572228392
2019-01-29,0.9828677388745,0.980635337636452
2019-01-30,0.9828419110286744,0.9805984779090217
2019-01-31,0.9944350355798093,0.9970909583897732
2019-02-01,0.9988460095514056,1.0028631018036007
2019-02-04,1.000267854809203,1.0045753709954044
2019-02-05,1.0019622353292121,1.0066098481460144
2019-02-06,1.0117461194005697,1.018402713379389
2019-02-07,1.0122970012907322,1.0190425443065163
2019-02-08,1.0023118997277352,1.0074613977514308
2019-02-11,0.9980122469357738,1.0024165596910473
2019-02-12,0.9938495676275411,0.9971324031076887
2019-02-14,0.9886507221523615,0.9892750779425908
2019-02-15,0.9875276093323938,0.9872820455098965
2019-02-18,0.983271609061999,0.9795996691974317
2019-02-19,0.9814108746316214,0.9762302406014214
2019-02-20,0.9880848298451825,0.9882992840852014
2019-02-21,0.9908397813955403,0.9933072624181546
2019-02-22,0.9909311639865575,0.9934730412898173
2019-02-25,0.99557824978121,1.0016156247845167
2019-02-26,0.9929838664809824,0.9974913808921511
2019-02-27,0.9903583363654346,0.9948539325418441
2019-02-28,0.9889776897105147,0.9935512558333889
2019-03-01,0.9956232526528088,1.0000874744263164
2019-03-05,1.0069830995367766,1.011498257119254
2019-03-06,1.0133040352143523,1.017532733910257
2019-03-07,1.0137896966604076,1.018011460857981
2019-03-08,1.011699464373977,1.0159125241352551
2019-03-11,1.024498000439779,1.028124151832949
2019-03-12,1.0369364494671263,1.040381899140818
2019-03-13,1.040652508423487,1.0441103055212908
2019-03-14,1.0408025069303455,1.0442529796369786
2019-03-15,1.0486153208793354,1.0519491109208992
2019-03-18,1.0518593616502676,1.055203465245907
2019-03-19,1.0586621022049727,1.0616660542857481
2019-03-20,1.0576009704826563,1.0606211259639833
2019-03-22,1.051712229116328,1.0547155683172127
2019-03-25,1.041755416164701,1.0452656332217987
2019-03-26,1.053811614039832,1.0571412979892305
2019-03-27,1.050306002868874,1.053624610287047
2019-03-28,1.0624416693982364,1.0651274523967864
2019-04-01,1.0717199197179925,1.0742551795333943
2019-04-02,1.0757655487109317,1.0783103788631587
2019-04-03,1.0690364630688713,1.0719352642496343
2019-04-04,1.0647321132305858,1.0677051160672368
2019-04-05,1.0709701503964342,1.073960571419274
2019-04-08,1.0649968982898592,1.0683035022764487
2019-04-09,1.071305687494971,1.0745129279200847
2019-04-10,1.0632607283907562,1.0664438840766974
2019-04-11,1.064461334654974,1.0675854568057495
2019-04-12,1.068832069356472,1.0718892345412336
2019-04-15,1.0731372879079464,1.0762067672481734
2019-04-16,1.0824784696068088,1.0851181907160068
2019-04-18,1.0792633304438246,1.0819558958078004
2019-04-22,1.064722035635044,1.0673783231179454
2019-04-23,1.0629363136623646,1.0656752239071123
2019-04-24,1.0770009401306424,1.0795025662910969
2019-04-25,1.069253669515054,1.0717373005428008
2019-04-26,1.0802178114248941,1.0821262596699481
2019-04-30,1.0796066085766862,1.0815278734607365
2019-05-02,1.0774562091076612,1.0793736471468647
2019-05-03,1.076224518062225,1.078222904436842
2019-05-06,1.0654264211606066,1.0677281309214373
2019-05-07,1.0562082093457836,1.0584900044060868
2019-05-08,1.0487711318664235,1.045744360169523
2019-05-09,1.0458251300694854,1.0404370988301899
2019-05-10,1.044659312548678,1.0383289921264933
2019-05-13,1.038000932023674,1.0262968083701436
2019-05-14,1.041782931743271,1.0330953603402466
2019-05-15,1.038461493335567,1.0271069132576445
2019-05-16,1.043587219903031,1.0363220249187945
2019-05-17,1.051243027361542,1.0501356123313235
2019-05-20,1.0729758568058334,1.0889017967858503
2019-05-21,1.0656410501089006,1.0779328813132065
2019-05-22,1.0682621991125896,1.0805842644385177
2019-05-23,1.0602441857264662,1.073141206649028
2019-05-24,1.0777478139386278,1.0903609025814494
2019-05-27,1.0850865551731739,1.097785530507224
2019-05-28,1.0854759699189065,1.0981537681744313
2019-05-29,1.0791756843949822,1.09192591266708
2019-05-30,1.0868912372658446,1.0997326231332918
2019-05-31,1.084667292785117,1.0976059966641059
2019-06-03,1.1000449693806096,1.1128648449990037
2019-06-04,1.0939571949922022,1.106706123956028
2019-06-06,1.0768625053433145,1.0903287177462788
2019-06-07,1.0793524804446397,1.092805152018957
2019-06-10,1.0840851685406923,1.0975968266831355
2019-06-11,1.0881997077567367,1.101546121722868
2019-06-12,1.0827034021092814,1.0960778463059058
2019-06-13,1.0834172149661228,1.09680047676709
2019-06-14,1.0747100915943462,1.088446084692327
2019-06-17,1.060725945846833,1.0745313577837998
2019-06-18,1.0624843735588807,1.0763126715382048
2019-06-19,1.0624796041124938,1.0763080865477195
2019-06-20,1.0755339169894955,1.0892240047446566
2019-06-21,1.0657482431631928,1.0793137725652335
2019-06-24,1.0644527781692383,1.077062991745849
2019-06-25,1.0694825899579636,1.085974325311908
2019-06-26,1.0720538371806596,1.0906785255497704
2019-06-27,1.0717544133033592,1.0901261690489596
2019-06-28,1.0691284629309703,1.0852746198031502
2019-07-01,1.0729590431101137,1.0923401800426882
2019-07-02,1.0751853300553331,1.0964552539540833
2019-07-03,1.0755061189208244,1.0970490551728096
2019-07-04,1.0769959829936806,1.0998108376768634
2019-07-05,1.070268633812858,1.0873276167192494
2019-07-08,1.0576620472409273,1.0640779390845363
2019-07-09,1.0575261941775047,1.0638294505805908
2019-07-10,1.0546570354623377,1.0585820638228884
2019-07-11,1.0588945821299802,1.0663150548342393
2019-07-12,1.0573659568711715,1.063516412602755
2019-07-15,1.0591707241796589,1.0668167067343897
2019-07-16,1.0629037126438288,1.073652118431923
2019-07-17,1.0641535323489404,1.0759444338709974
2019-07-18,1.0596065216720336,1.0676038866694644
2019-07-19,1.0506746029188274,1.0512494953139155
2019-07-22,1.0469777472442163,1.044524572896899
2019-07-23,1.0462087321285354,1.0431298367716422
2019-07-24,1.043173969774503,1.0376292866177348
2019-07-25,1.0421991809344069,1.035866402727045
2019-07-26,1.043836996562278,1.0388260590361582
2019-07-29,1.0389982395436035,1.030071244459017
2019-07-30,1.0336969553372883,1.0205154949753454
2019-07-31,1.0353689143051232,1.0235165960023742
2019-08-01,1.0283005729725696,1.0108123964837263
2019-08-02,1.0291942576439037,1.012409591404528
2019-08-05,1.0222580973711446,1.000004584990486
2019-08-06,1.0266915703127193,1.0078895100002696
2019-08-07,1.0219055303123952,0.9993509990919031
2019-08-08,1.0310675940423937,1.0156409308753358
2019-08-09,1.0350359305811538,1.0227479358327893
2019-08-13,1.0256175849731077,1.0058273431031997
2019-08-14,1.030964154813219,1.015360167634445
2019-08-16,1.0319100977267142,1.0170540069625333
2019-08-19,1.0322235079903908,1.0176156233460887
2019-08-20,1.0303283012648867,1.0142185949053926
2019-08-21,1.0252719902361078,1.0051691722141307
2019-08-22,1.0161125138967866,0.9888423807032676
2019-08-23,1.020691272265846,0.9969436093818257
2019-08-26,1.0325367356696908,1.0179791861210363
2019-08-27,1.0349762991310538,1.0223520084191218
2019-08-28,1.0319388912453473,1.0168974879736152
2019-08-29,1.0269133747363577,1.0078940949907544
2019-08-30,1.0307800717114346,1.014793966260404
2019-09-03,1.0191887660000685,0.9940484126448288
2019-09-04,1.0216158451547608,0.9983521903803129
2019-09-05,1.0217842571345541,0.9986513834849188
2019-09-06,1.0268774707461497,1.0077008061761805
2019-09-09,1.0298137711006026,1.012934348060653
2019-09-11,1.0315031155915715,1.0159401239799413
2019-09-12,1.028779371153686,1.0110701448704165
2019-09-13,1.0335789136835385,1.0196409305157281
2019-09-16,1.0298614581755292,1.0129757927785683
2019-09-17,1.0202148431330424,0.9958619112344046
2019-09-18,1.021410689828149,0.9979839527131052
2019-09-19,1.0143578614059752,0.9854776269995166
2019-09-20,1.0460484024349483,1.0378962948871693
2019-09-23,1.0690190153090766,1.067907664764555
2019-09-24,1.0681896167901335,1.0668029517629334
2019-09-25,1.0579577390601695,1.0531781580762676
2019-09-26,1.0670436245603216,1.065237941677303
2019-09-27,1.0629769356984298,1.0598248659497123
2019-09-30,1.060348887481799,1.0563311931017292
2019-10-01,1.0524097633282916,1.0457858048874382
2019-10-03,1.0492205169445477,1.041560241695526
2019-10-04,1.039535349203367,1.0287409679058759
2019-10-07,1.036162042027158,1.0242899310642188
2019-10-09,1.049216003364296,1.04149578212341
2019-10-10,1.0437384391955957,1.0342461030502685
2019-10-11,1.0486507562524072,1.040736291934795
2019-10-14,1.051162261616636,1.0440596908224047
2019-10-15,1.0572203916892233,1.0520826150556166
2019-10-16,1.0596973335726712,1.0553691542157957
2019-10-17,1.0681795549555293,1.0666325879007859
2019-10-18,1.0733999799750775,1.0735830738693215
2019-10-22,1.0683260687278324,1.0668167067343894
2019-10-23,1.069415103059644,1.068266642549018
2019-10-24,1.0679248477599148,1.0662873650877793
2019-10-25,1.0680447808203006,1.0664071142510412
2019-10-29,1.089039157393401,1.0850905009695464
2019-10-30,1.0945149932260472,1.0903609025814491
2019-10-31,1.097596925795457,1.0934311380728536
2019-11-01,1.0989087177214572,1.0946416654627327
2019-11-04,1.1037169065733397,1.0993090958749385
2019-11-05,1.101489414864392,1.097090499890725
2019-11-06,1.1062992166697436,1.101587566440783
2019-11-07,1.1106521710590709,1.1058222996136655
2019-11-08,1.1010454751431706,1.0962573801490234
2019-11-11,1.1015636314477912,1.096745277077718
2019-11-13,1.0946723581418005,1.0900249396511867
2019-11-14,1.0975984072492337,1.0929385662518991
2019-11-15,1.0998739614552109,1.0950882075752857
2019-11-18,1.0988409484841677,1.0940801389809511
2019-11-19,1.103981688734155,1.0991986065944213
2019-11-20,1.1097265788248176,1.1046301121857272
2019-11-21,1.1068310147615583,1.1018039600113314
2019-11-22,1.1018371247807432,1.0968327515040344
2019-11-25,1.1173612535049442,1.111502383610691
2019-11-26,1.1139595712380204,1.108183659615341
2019-11-27,1.1197895430639777,1.113983402873854
2019-11-28,1.1247167728776395,1.1186278184318597
2019-11-29,1.1157463079297207,1.1098729139529444
2019-12-02,1.1150198533429587,1.10915028349176
2019-12-03,1.1097404950381895,1.1041790749844629
2019-12-04,1.1143630027154912,1.1086899864077508
2019-12-05,1.1120682650734917,1.106406930851421
2019-12-06,1.1026075246598714,1.0974863374026174
2019-12-09,1.1041151354036427,1.0989592880714463
2019-12-10,1.0966510677953025,1.0915300751551864
2019-12-11,1.101859166601695,1.096441498982627
2019-12-12,1.1076602522733612,1.1021169080873932
2019-12-13,1.1182911179529027,1.1126945710386291
2019-12-16,1.115084582458876,1.1096796251383703
2019-12-17,1.1255362398147517,1.119902805393855
2019-12-18,1.1307776757085535,1.1251180073163862
2019-12-19,1.134501520915953,1.1286208501453399
2019-12-20,1.1356408187590077,1.129734733127932
2019-12-23,1.1348033435908587,1.1289016133862306
2019-12-24,1.130089498265402,1.1244643315160292
2019-12-26,1.1218036316647404,1.116363102837471
2019-12-27,1.1328352181613637,1.1273411882910853
2019-12-30,1.1338163277215063,1.1282663674495885
2019-12-31,1.1255858187927124,1.120220428362176
2020-01-01,1.1268854305476381,1.1215138451878863
2020-01-02,1.1366078353360451,1.1306921870233804
2020-01-03,1.1313754669920009,1.1255783044003955
2020-01-06,1.1097595735493215,1.1040731706944313
2020-01-07,1.1155991714062985,1.1095875657215686
2020-01-08,1.1129982224797215,1.1070466718767744
2020-01-09,1.1306345231040318,1.124588665669776
2020-01-10,1.1346219092885526,1.1283538418759052
2020-01-13,1.141492453553014,1.135051164448236
2020-01-14,1.1445245089358997,1.1380661103484946
2020-01-15,1.142674096330289,1.1363169814292604
2020-01-16,1.1438229634214794,1.137440124294597
2020-01-17,1.143531312809151,1.1371501011709617
2020-01-20,1.1354802699791426,1.125384925684047
2020-01-21,1.1325547204494886,1.1203492576046339
2020-01-22,1.1293124537969779,1.1145541892383801
2020-01-23,1.1330846102188488,1.1213158814810529
2020-01-24,1.1365608896010828,1.1275667518426045
2020-01-27,1.1299569874114004,1.1156680722209724
2020-01-28,1.1267152350202037,1.109849899098744
2020-01-29,1.130504114130843,1.1166346960973912
2020-01-30,1.1256991717679634,1.108008710762708
2020-01-31,1.1219072067285436,1.1012239137640607
2020-02-03,1.1087936095848294,1.0778224819344633
2020-02-04,1.122948667412089,1.1028396284503514
2020-02-05,1.1285962585330578,1.1129201345901483
2020-02-06,1.1311030846656185,1.117412616149721
2020-02-07,1.1290712754216534,1.1137670093033054
2020-02-10,1.1256394012040634,1.107612873250815
2020-02-11,1.1295709954667834,1.114646248655182
2020-02-12,1.1343587210784518,1.1232353742624348
2020-02-13,1.1330003507346091,1.1207912147267018
2020-02-14,1.12986756591494,1.115157160438077
2020-02-17,1.1263968261927033,1.1089293049307258
2020-02-18,1.1236553680756485,1.104022555995545
2020-02-19,1.130530349941352,1.1163033181576143
2020-02-20,1.1282188730460714,1.112155969509274
2020-02-24,1.1153006599436557,1.0890077010758816
2020-02-25,1.1136671719156277,1.086107829446625
2020-02-26,1.1074674610025932,1.075115899119781
2020-02-27,1.105109892790908,1.0709547954999847
2020-02-28,1.0825449547666555,1.0312265721595244
2020-03-02,1.078777223186691,1.0248744724002004
2020-03-03,1.0882647751222312,1.040575187955392
2020-03-04,1.085343615922446,1.0357604984370128
2020-03-05,1.086371746150707,1.037417567939445
2020-03-06,1.0681062785182327,1.0116823759528577
2020-03-09,1.027305818647832,0.9621544097134911
2020-03-11,1.0278181860230755,0.9627942406406185
2020-03-12,0.9638215584293305,0.8828636520024586
2020-03-13,0.9913375141750959,0.9164699241255996
2020-03-16,0.9347413111945416,0.8467073160535531
2020-03-17,0.9171832350326248,0.8255013754521948
2020-03-18,0.8789610864323028,0.7796327710306996
2020-03-19,0.8629764439873253,0.7607284057511604
2020-03-20,0.9007289537898753,0.8051010446496263
2020-03-23,0.8130398416146712,0.700595176715872
2020-03-24,0.828327891578526,0.7181600954613
2020-03-25,0.8694838612847859,0.7657363840841136
2020-03-26,0.8948538938222068,0.7955268653022396
2020-03-27,0.8963139854197517,0.7972575643577585
2020-03-30,0.8668831551006603,0.7623532005166477
2020-03-31,0.8917438833828769,0.7915038508076462
2020-04-01,0.8649884401397376,0.7598399964183135
2020-04-03,0.8516265912062098,0.7441898955620081
2020-04-07,0.907598964142198,0.8094048223851105
2020-04-08,0.904235015012739,0.8054048227447176
2020-04-09,0.9323853192492308,0.8388362359169996
2020-04-13,0.9233255613520213,0.8279685498421281
2020-04-15,0.918047472187537,0.8216578948007198
2020-04-16,0.9232547094004633,0.827871905434841
2020-04-17,0.9443487357429271,0.8530916006480481
2020-04-20,0.9439741968518893,0.8526404735450096
2020-04-21,0.9225403184001599,0.8268270670148503
2020-04-22,0.9383983836384279,0.8457774620027904
2020-04-23,0.9480966998796276,0.8574322381109625
2020-04-24,0.935919624436856,0.8427487611310759
2020-04-27,0.9457266762207437,0.8545231065989612
2020-04-28,0.9532611132439639,0.8636002190366829
2020-04-29,0.9664039721966046,0.8794757935427333
2020-04-30,0.9896616701345026,0.9076966796847433
2020-05-04,0.9470234536457424,0.8555541900474961
2020-05-05,0.9403055541859185,0.8474621313499086
2020-05-06,0.945308163188122,0.8534736831884853
2020-05-07,0.9398134747634747,0.8468591601502117
2020-05-08,0.9438323735645942,0.8516876945418207
2020-05-11,0.9428912596490736,0.8505553816955135
2020-05-12,0.9396267984654096,0.8466290116082071
2020-05-13,0.9539563743697997,0.8638441225501432
2020-05-14,0.9355961178507588,0.8416762329646253
2020-05-15,0.935143268661846,0.841133046444785
2020-05-18,0.911070920727218,0.8122632492964513
2020-05-19,0.9153961088695324,0.817404731764122
2020-05-20,0.9298900767502284,0.8346612874239736
2020-05-21,0.9329438969846142,0.8383160642513597
2020-05-22,0.9277957371136577,0.8321480833256394
2020-05-26,0.9270105200549673,0.8312090592939062
2020-05-27,0.9490255168338917,0.8575288825182495
2020-05-28,0.9624089429167315,0.8736530354300196
2020-05-29,0.9692694721678922,0.8819568128058964
2020-06-01,0.9879245878107166,0.9045896743676827
2020-06-02,0.9994577636641518,0.9186700902460981
2020-06-03,1.0056511196070552,0.926260407141761
2020-06-04,1.0032185737351098,0.9232730610861879
2020-06-05,1.0116999914065519,0.9336804500770503
2020-06-08,1.0135927713792316,0.9360095353417809
2020-06-09,1.0045608749993056,0.9248887757724787
2020-06-10,1.00977283456604,0.9312869052402035
2020-06-11,0.9937408037078842,0.9115723451713891
2020-06-12,0.9990773476768101,0.918099393783346
2020-06-15,0.987115934507735,0.9034435166481452
2020-06-16,0.9946824639816372,0.9126770581730105
2020-06-17,0.9922105860513745,0.9096529422917812
2020-06-18,1.008063522205627,0.9290314495285593
2020-06-19,1.0195072675587127,0.9430935254450338
2020-06-22,1.024493129377385,0.949243076507039
2020-06-23,1.0364010886021204,0.9639541533316112
2020-06-24,1.0241005540623804,0.9486998899871986
2020-06-25,1.02287826761145,0.9471901694927136
2020-06-26,1.0299347980436377,0.9558529246530529
2020-06-29,1.0243889586867483,0.9493535657875558
2020-06-30,1.0233657239229061,0.9484052818730779
2020-07-01,1.036874748322427,0.9601843022332225
2020-07-02,1.049220227885629,0.9713833662478708
2020-07-03,1.0547537902332682,0.9765064188518262
2020-07-06,1.0711032219885388,0.9908953776193664
2020-07-07,1.074751294147274,0.9942095166242311
2020-07-08,1.0654065873563248,0.9855651014258328
2020-07-09,1.076669548047477,0.9954799185957411
2020-07-10,1.0720686401010813,0.9913003851122298
2020-07-13,1.075518438145305,0.9944902798651217
2020-07-14,1.0550515973942685,0.9765064188518263
2020-07-15,1.056150835401483,0.9775053174651903
2020-07-16,1.068260831619759,0.9887135514608091
2020-07-17,1.0851801774830332,1.0036041621284997
2020-07-20,1.097401158918713,1.0146973218531161
2020-07-21,1.111344910188606,1.0275902251958529
2020-07-22,1.1082392767417435,1.0248606275269698
2020-07-23,1.1166435011585543,1.0324878041500631
2020-07-24,1.1145228294007514,1.0305269565525397
2020-07-27,1.1079795836294233,1.024786997973883
2020-07-28,1.1250990436854218,1.0403220245591862
2020-07-29,1.1153718712722374,1.0313278015572958
2020-07-30,1.1047966990942213,1.0220574902067743
2020-07-31,1.1018876223052734,1.0194153669642079
2020-08-03,1.0837921862650848,1.0026743080777367
2020-08-04,1.105187390757722,1.0214222442701322
2020-08-05,1.105836464162516,1.0220114604983734
2020-08-06,1.1156480586450797,1.0310793130533504
2020-08-07,1.117109120074485,1.032358885005831
2020-08-10,1.1227982266764034,1.0375234722294762
2020-08-11,1.1280136006098647,1.0423427467383406
2020-08-12,1.1265325036669351,1.041044744922145
2020-08-13,1.1257260054550922,1.0403128545782159
2020-08-14,1.1135676722274102,1.0290770207379114
2020-08-17,1.1207855872581494,1.0354014307507753
2020-08-18,1.1348219490684974,1.0481286451236238
2020-08-19,1.1371195098288747,1.0502506866023245
2020-08-20,1.127004874107699,1.0413945527256367
2020-08-21,1.1330363392452725,1.046862828142599
2020-08-24,1.1424870026837999,1.0555947177673137
2020-08-25,1.1430963069195854,1.0561286444044093
2020-08-26,1.1509519483217312,1.0632494043333187
2020-08-27,1.15191363844672,1.0641378136661659
2020-08-28,1.161208417761855,1.0722712271798949
2020-08-31,1.1347776122082194,1.0483266088304573
2020-09-01,1.1430237458995678,1.0559445255708058
2020-09-02,1.1498302441279777,1.0619053728087222
2020-09-03,1.149063522032656,1.0612103421922234
2020-09-04,1.1297652932504236,1.0433875851583312
2020-09-07,1.1319982484174478,1.045339262774884
2020-09-08,1.1281723656547196,1.0418686047811014
2020-09-09,1.1242497916043952,1.0382461026906604
2020-09-10,1.142344415122304,1.054011277817968
2020-09-11,1.1438883564137547,1.0554105989337101
2020-09-14,1.1414537588314566,1.0531643132030366
2020-09-15,1.1501694067258323,1.0606901705265834
2020-09-16,1.1585999722170568,1.0683080872669322
2020-09-17,1.1497690916093264,1.0601654138704584
2020-09-18,1.1485600043729594,1.059139005314183
2020-09-21,1.1224713842646936,1.0357190537190961
2020-09-22,1.1163730858794856,1.0267985501720664
2020-09-23,1.1151309647094332,1.024791582964368
2020-09-24,1.0971423893595325,0.9947526132422966
2020-09-25,1.1108077698863845,1.0172795705140512
2020-09-28,1.1206105529572783,1.0336016871326548
2020-09-29,1.1203278669607373,1.03312763507719
2020-09-30,1.1217089633415902,1.0354428754686908
2020-10-01,1.131001862397232,1.051037776635625
2020-10-05,1.1357154928290782,1.0589916563062356
2020-10-06,1.1446746610710927,1.0736337784699808
2020-10-07,1.150500714134056,1.0806716489630588
2020-10-08,1.159884976395186,1.089486338121831
2020-10-09,1.1681909617903554,1.0968143216403186
2020-10-12,1.1698682416100423,1.0983563168717485
2020-10-13,1.170216311436824,1.09868310982104
2020-10-14,1.174010869183453,1.1020478635247906
2020-10-15,1.1449317629804734,1.0752861730801535
2020-10-16,1.1529794303656777,1.0828443051406456
2020-10-19,1.164389472814034,1.0930260406782144
2020-10-20,1.1667610707404894,1.0952124518272572
2020-10-21,1.1707674316250387,1.098973132944675
2020-10-22,1.1665087367737375,1.0951802669920863
2020-10-23,1.1698963448373652,1.0983010272806026
2020-10-26,1.1539517417948595,1.0833322020693401
2020-10-27,1.1665262386415507,1.0945312660839883
2020-10-28,1.150539947945576,1.079820099357642
2020-10-29,1.1447723577057272,1.0744070236300511
2020-10-30,1.1418386402912837,1.0717925901339447
2020-11-02,1.1445115859442947,1.0742551795333928
2020-11-03,1.1586694119064103,1.0875439203880226
2020-11-04,1.1684940371666865,1.0962895649841933
2020-11-05,1.1896648114531985,1.115787731482459
2020-11-06,1.2037254771947143,1.1289752429393163
2020-11-09,1.224182169545001,1.147156977757671
2020-11-10,1.2411970978244817,1.1628116636044616
2020-11-11,1.2527973774212526,1.173679349679333
2020-11-12,1.2467463651089512,1.1683076287678835
2020-11-13,1.2496621317540715,1.1709911967283655
2020-11-17,1.2648163093147744,1.1851913617700425
2020-11-18,1.2714554162460756,1.1910877494358425
2020-11-19,1.2547870859152455,1.175755271547858
2020-11-20,1.2633689630441587,1.1837966256447852
2020-11-23,1.2703499867004242,1.190001466297936
2020-11-24,1.2832319900752336,1.2018495312206818
2020-11-25,1.2638928107863754,1.1837368409649283
2020-11-26,1.2772030810921573,1.1955756460049296
2020-11-27,1.2753948997134557,1.193913991512012
2020-12-01,1.2891726014208233,1.206811479845234
2020-12-02,1.289659208654106,1.2072441770845574
2020-12-03,1.2916775048369147,1.2090992102938234
2020-12-04,1.3039363799118742,1.2205743626571026
2020-12-07,1.3140028978839695,1.229522555950592
2020-12-08,1.3177314298636125,1.2329471842359738
2020-12-09,1.331127161158907,1.245481019892474
2020-12-10,1.3258605857467014,1.2408044194992975
2020-12-11,1.329425234844459,1.2440771137862465
2020-12-14,1.3337833251162508,1.2481554178719856
2020-12-15,1.3347897980105607,1.2490483222935436
2020-12-16,1.3463048589786402,1.2596214002542943
2020-12-17,1.3520117502140057,1.2649608464287985
2020-12-18,1.3540730274588932,1.2667881898916042
2020-12-21,1.3107140571069695,1.2270047668617725
2020-12-22,1.3242750768228588,1.2396997064976756
2020-12-23,1.3382518778804877,1.252109297902203
2020-12-24,1.3531045655030485,1.265747936462099
2020-12-28,1.3653028726959746,1.2771587191550364
2020-12-29,1.371466086440146,1.2826269945719986
2020-12-30,1.3764153457212474,1.2871701807322318
2020-12-31,1.3763956380340923,1.2871517508685166
2021-01-01,1.3802100197279223,1.2905349344359827
2021-01-04,1.3916861918386898,1.3010665676788178
2021-01-05,1.3982443472199109,1.3071976888771077
2021-01-06,1.3927203742444703,1.302295524932412
2021-01-07,1.3918273969410817,1.3014761601621663
2021-01-08,1.4124921695026076,1.320799467709573
2021-01-11,1.4267539065519674,1.33345763751982
2021-01-12,1.4346483958016765,1.3407027316024762
2021-01-13,1.434786252361276,1.3408315608449342
2021-01-14,1.4379772871061358,1.3436623879115892
2021-01-15,1.4217319744492707,1.3287580222724429
2021-01-18,1.4067204039345604,1.3147281311911394
2021-01-19,1.4315806013103227,1.3368086362521148
2021-01-20,1.4439847759691862,1.348182559217622
2021-01-21,1.438625743854355,1.34317907597338
2021-01-22,1.415972708738743,1.3230687682944469
2021-01-25,1.4026067658549946,1.3108248658598078
2021-01-27,1.3758723963669584,1.2858399041790907
2021-01-28,1.3637876278405736,1.2720355766493066
2021-01-29,1.352663693366598,1.2551932883650632
2021-02-01,1.389009808801016,1.314718961210169
2021-02-02,1.4162534069259434,1.348472492439483
2021-02-03,1.4265582334248126,1.3615541895080827
2021-02-04,1.4342046840219789,1.3712848878443875
2021-02-05,1.436269936010172,1.3739177512042091
2021-02-08,1.4500956171752508,1.3915517145122382
2021-02-09,1.4496279465102662,1.3909533283030266
2021-02-10,1.4494264807569759,1.3906955799163365
2021-02-11,1.4542334227229987,1.3968451309783418
2021-02-12,1.4535146105649914,1.395924536810324
2021-02-15,1.4643992506478787,1.4098623684748257
2021-02-16,1.4643096064289838,1.4097472942038234
2021-02-17,1.456811625143256,1.4001225001575504
2021-02-18,1.450349595217958,1.391841737635874
2021-02-19,1.4404784590113056,1.3792111676703127
2021-02-22,1.4184086749895857,1.351036401138478
2021-02-23,1.4207355000263673,1.353991472457106
2021-02-24,1.4406007827689322,1.3792341825245136
2021-02-25,1.448919402090099,1.3898532002918913
2021-02-26,1.4080210874254242,1.33754511158653
2021-03-01,1.4249124713553039,1.358939666110203
2021-03-02,1.43631852483089,1.373443609246971
2021-03-03,1.4598955023571258,1.4035010088327575
2021-03-04,1.4480535573499353,1.388325049933691
2021-03-05,1.4377703708923921,1.375192738166205
2021-03-08,1.4390829762270843,1.376859067551382
2021-03-09,1.4494292553668964,1.3899499346009523
2021-03-10,1.4550001724681536,1.3969832201035448
2021-03-12,1.4444719042040235,1.383740508957316
2021-03-15,1.4369836830785794,1.374401063142419
2021-03-16,1.4355666771093127,1.3726473492326996
2021-03-17,1.421367599189783,1.35523427458393
2021-03-18,1.4089521980453472,1.3401871449273217
2021-03-19,1.4231814838620878,1.3573240413256857
2021-03-22,1.422594125984628,1.356624425718702
2021-03-23,1.4289223561863378,1.363837245064413
2021-03-24,1.4099131722139668,1.339409314776766
2021-03-25,1.3952273307129104,1.3187419757047627
2021-03-26,1.4064171992541568,1.335533559388346
2021-03-30,1.4260209723757236,1.366631212403638
2021-03-31,1.4173961725236628,1.3524172923905051
2021-04-01,1.4269110025396121,1.3686795344274778
2021-04-05,1.4147468473112934,1.3475473132809803
2021-04-06,1.4171768738666928,1.3517544466091773
2021-04-07,1.4243725017882785,1.364233082576306
2021-04-08,1.427267015414393,1.3692733356462043
2021-04-09,1.4252110694172577,1.3656876033814196
2021-04-12,1.3975177929852816,1.317443883986793
2021-04-13,1.4079384762103477,1.3353034108463413
2021-04-15,1.412031065413698,1.3423598011049085
2021-04-16,1.4139699327705284,1.3457107099354293
2021-04-19,1.4002211259733883,1.3219226105749096
2021-04-20,1.3968390514849565,1.3161182823259112
2021-04-22,1.4027378596198397,1.3262218033199082
2021-04-23,1.3992667350317527,1.3202562811897325
2021-04-26,1.4069774114387397,1.3334806523740204
2021-04-27,1.4159596992960668,1.3489512193872075
2021-04-28,1.4272131823418417,1.3684217860407875
2021-04-29,1.4288206450855923,1.3712158432817865
2021-04-30,1.4147989168375468,1.3469304972080534
2021-05-03,1.4149614061078941,1.3472113503507182
2021-05-04,1.4076395742078434,1.3345393356672413
2021-05-05,1.4141210404064564,1.3457107099354295
2021-05-06,1.4198117621082096,1.3555564825427366
2021-05-07,1.425028892098875,1.3646105801262578
2021-05-10,1.4313337771116004,1.3755839906876124
2021-05-11,1.4265043368299408,1.3671513840692775
2021-05-12,1.4183405540591254,1.3529512190276005
2021-05-14,1.4173301862861951,1.351229689953052
2021-05-17,1.4354609512874208,1.3738165218064373
2021-05-18,1.4532512552472014,1.39084283902251
2021-05-19,1.4453209016233861,1.3836668794042295
2021-05-20,1.4331783009821943,1.372242251838062
2021-05-21,1.4590659950792655,1.3970292498119457
2021-05-24,1.4613440095078225,1.3990914167090156
2021-05-25,1.4623969168401896,1.4000810554396348
2021-05-26,1.471339505435315,1.4086425812022016
2021-05-27,1.4750324747773051,1.4119934900327225
2021-05-28,1.4846114604730136,1.4209969729173575
2021-05-31,1.498764392224549,1.4345434621586772
2021-06-01,1.4979584630549472,1.4338115718147482
2021-06-02,1.4980907512561978,1.433935905968495
2021-06-03,1.5090694353591287,1.4444444344553558
2021-06-04,1.5070321395153443,1.4425940761383493
2021-06-07,1.5150040210818256,1.4500877486267252
2021-06-08,1.513893059398039,1.4490243904412452
2021-06-09,1.5032625775878905,1.439381166531257
2021-06-10,1.5132892313062456,1.4488080867724709
2021-06-11,1.5192124430436196,1.4544789108867517
2021-06-14,1.5204801592325783,1.455629653596774
2021-06-15,1.5261023516675323,1.460913900081907
2021-06-16,1.5163221221524983,1.4515514394128093
2021-06-17,1.508592969530318,1.444541168764417
2021-06-18,1.507804400277395,1.443800018537743
2021-06-21,1.5138757076980172,1.4496136066694862
2021-06-22,1.5165402588230743,1.4520301663605335
2021-06-23,1.5081348851269238,1.4441314863792942
2021-06-24,1.5180853190013988,1.4536596360182803
2021-06-25,1.5251760378663646,1.4600945353116614
2021-06-28,1.5207031844302366,1.455892076875724
2021-06-29,1.5143327452360515,1.449793140512605
2021-06-30,1.5115999363624235,1.4473121212494418
2021-07-01,1.507535640650462,1.4434916554521673
2021-07-02,1.511592930094085,1.447376580821558
2021-07-05,1.5229554704865635,1.4577009904748148
2021-07-06,1.5213782538034857,1.4562188698250156
2021-07-07,1.5272836617387449,1.4618713539773556
2021-07-08,1.5119136712620969,1.447901337477683
2021-07-09,1.5081820731689521,1.44439381975647
2021-07-12,1.5084512044064842,1.4446515681431604
2021-07-13,1.5205614495037494,1.4556756833051754
2021-07-14,1.5246409281655462,1.4595054089851944
2021-07-15,1.5313967223924827,1.4659725830155208
2021-07-16,1.531315451770154,1.465898953462434
2021-07-19,1.514503221698452,1.4501567931893269
2021-07-20,1.5029369894888898,1.4390819734266513
2021-07-22,1.5167226344466098,1.456752796462111
2021-07-23,1.5188944902470984,1.4596986977997684
2021-07-26,1.516801531017453,1.4567896561895413
2021-07-27,1.5117536496025195,1.4496090216790012
2021-07-28,1.5093676391816642,1.4461982382668495
2021-07-29,1.5138897476850155,1.4525549230166586
2021-07-30,1.5127934181921137,1.4511371720372013
2021-08-02,1.5221411223487147,1.4623776807697653
2021-08-03,1.541786684018984,1.4849874375755767
2021-08-04,1.5540257605503556,1.496775627916692
2021-08-05,1.5576496843532732,1.5000713370578416
2021-08-06,1.5521484661291254,1.494879239891285
2021-08-09,1.5540649515288358,1.4967250132178063
2021-08-10,1.5562735631714224,1.4987364755142158
2021-08-11,1.5564831296706536,1.4989344392210493
2021-08-12,1.5643362026245553,1.5064971562720264
2021-08-13,1.5809623279563296,1.5216592702978629
2021-08-16,1.5842703119072585,1.5247847953804128
2021-08-17,1.5892010024600216,1.5295303504344162
2021-08-18,1.5845771581435937,1.525318632115734
2021-08-20,1.573047743678275,1.514423436097951
2021-08-23,1.577441550242116,1.5186534943785739
2021-08-24,1.5903805944288525,1.5304509446024337
2021-08-25,1.5913599388055963,1.5313762136627111
2021-08-26,1.591575185881924,1.5315833473505154
2021-08-27,1.5984752447874913,1.5378708976359492
2021-08-30,1.6204839459575953,1.5586626607634737
2021-08-31,1.6397360182556822,1.5771802686103165
2021-09-01,1.6340807712355585,1.5720296161616754
2021-09-02,1.6494683992613335,1.5865658340353885
2021-09-03,1.658029521006389,1.5948004769468898
2021-09-06,1.6635094087446924,1.5997902052196762
2021-09-07,1.6619785482870724,1.598344764493759
2021-09-08,1.661155354858486,1.5975530894699732
2021-09-09,1.662747869217453,1.5990030252846017
2021-09-13,1.6613878525459647,1.597718868341636
2021-09-14,1.6637522588167541,1.599992664015221
2021-09-15,1.677859505547554,1.612830277766812
2021-09-16,1.6885925161365598,1.6229614885072692
2021-09-17,1.6843446124249284,1.618878689332819
2021-09-20,1.6652851908369928,1.601548504119881
2021-09-21,1.68137700969008,1.6167474778731477
2021-09-22,1.6799074458413812,1.61533440178595
2021-09-23,1.7078779151151393,1.640770310766157
2021-09-24,1.7108291630757009,1.6435551081244115
2021-09-27,1.7110112729408655,1.6437300569770446
2021-09-28,1.7002166222300816,1.6339257290876534
2021-09-29,1.696578667245644,1.6304920207230755
2021-09-30,1.687655722085835,1.6219166500872786
2021-10-01,1.678912431336169,1.6139903702613536
2021-10-04,1.6944381103491994,1.6286461574947801
2021-10-05,1.7069899333205008,1.6407106159880749
2021-10-06,1.689118085277977,1.624480468884499
2021-10-07,1.7031947478249916,1.6377692097391285
2021-10-08,1.713232735156331,1.6474216036300873
2021-10-11,1.7183661520107587,1.6520936190327786
2021-10-12,1.7228531266803726,1.6563283522056613
2021-10-13,1.7391127216432387,1.6719601131000257
2021-10-14,1.7569877407964587,1.6882362899120027
2021-10-18,1.7705027248286986,1.7009865191390516
2021-10-19,1.7649162438862145,1.6956193832180877
2021-10-20,1.749535616087681,1.6816125069909849
2021-10-21,1.7409011166591764,1.673465248604026
2021-10-22,1.7348485813084997,1.6676471653835718
2021-10-25,1.7359096097376765,1.6686137892599906
2021-10-26,1.7498595927059066,1.6817782858626473
2021-10-27,1.7443565666024687,1.6764893644852552
2021-10-28,1.708583196994078,1.6439280206838793
2021-10-29,1.6904995772119868,1.6268418288861755
2021-11-01,1.7151802879141447,1.6505931584210387
2021-11-02,1.7110748413059167,1.6468462322750765
2021-11-03,1.7052565044521044,1.6413456821211694
2021-11-04,1.7136350711179698,1.6494102308758456
2021-11-08,1.7289089561579238,1.6633802473755184
2021-11-09,1.7265407069218976,1.6611431316258154
2021-11-10,1.7239523879293008,1.6586528524799076
2021-11-11,1.7123838015455226,1.6454331561878792
2021-11-12,1.7310466676888543,1.6665286075087204
2021-11-15,1.731566869706728,1.6671453336798732
2021-11-16,1.7234540025628222,1.656995782977475
2021-11-17,1.7176391275475165,1.6477393165001835
2021-11-18,1.7105352246091936,1.6354171995219726
2021-11-22,1.6920884467807855,1.603357507620747
2021-11-23,1.6967265828219977,1.6113481571170138
2021-11-24,1.6920187728716105,1.6032194184955444
2021-11-25,1.6984954805774501,1.6143769478905028
2021-11-26,1.6713371874336553,1.5674449852835277
2021-11-29,1.672821994191331,1.5699766192455769
2021-11-30,1.6690047831768557,1.5634634155068499
2021-12-01,1.6789343026452173,1.5803748382554688
2021-12-02,1.691561981599455,1.6019857863496905
2021-12-03,1.6806034270340415,1.5831181009940332
2021-12-06,1.6653138625683017,1.5569318718061815
2021-12-07,1.679636713124651,1.5812769126579973
2021-12-08,1.695398074347084,1.608254996673183
2021-12-09,1.6979121722808772,1.6125909592438377
2021-12-10,1.6976163484912437,1.6120801373627167
2021-12-13,1.6899887466813037,1.5989109658678002
2021-12-14,1.6876687119481957,1.594920226110152
2021-12-15,1.6821234001843193,1.585392076471166
2021-12-16,1.6835739137837231,1.5878776807248147
2021-12-17,1.66944384674822,1.5636475343404528
2021-12-20,1.6493876290664076,1.5294934907069864
2021-12-21,1.6579416402065301,1.5439146343096977
2021-12-22,1.6679794884103398,1.5609087666905996
2021-12-23,1.674320364289567,1.5716935633296398
2021-12-24,1.6706059902987236,1.5653553084435459
2021-12-27,1.6750642507669222,1.5729502103296942
2021-12-28,1.6829929016256246,1.5864829445995583
2021-12-29,1.6819364890359239,1.5846739410986932
2021-12-30,1.6814166180696,1.5837855317658462
2021-12-31,1.689537354838569,1.5976037940706347
2022-01-03,1.704738865341006,1.6226115908020038
2022-01-04,1.722104825766202,1.6391409310101859
2022-01-05,1.7346011495234077,1.6501880610264015
2022-01-06,1.7168306192187595,1.633677240583709
2022-01-07,1.7232930849673846,1.6398267017439399
2022-01-10,1.7428369644033537,1.657373370429201
2022-01-11,1.7480174546555576,1.6622018149190358
2022-01-12,1.763178212341045,1.6766182836294874
2022-01-13,1.7678136554800707,1.6808024920052582
2022-01-14,1.767611307401322,1.680613698279395
2022-01-17,1.7726800534933365,1.6854329727882595
2022-01-18,1.7526994612830833,1.667476891423198
2022-01-19,1.7354942832734255,1.6513986783180548
2022-01-20,1.7179442601912234,1.6346990641494992
2022-01-21,1.7034663536436163,1.6218245906704776
2022-01-24,1.657293003046625,1.5787361087149774
2022-01-25,1.6662975480289104,1.5905979286091791
2022-01-27,1.6562023302240167,1.5751504663519669
2022-01-28,1.6557602991081979,1.5743954712520631
2022-01-31,1.6684436778761553,1.5962964424699204
2022-02-01,1.680994217384925,1.6181145242519464
2022-02-02,1.6916880147179756,1.636816430735941
2022-02-03,1.680180471600848,1.6165816990014867
2022-02-04,1.6778701303123982,1.6125404344467265
2022-02-07,1.6619220564986803,1.5846739410986936
2022-02-08,1.6647444797840696,1.5895669350624186
2022-02-09,1.675193870478011,1.607707315064632
2022-02-10,1.6826890814390811,1.620784247339198
2022-02-11,1.6705310304270644,1.5995093520770125
2022-02-14,1.641882961925243,1.5505384172307164
2022-02-15,1.683903466884702,1.597456355160913
2022-02-16,1.6813996609357138,1.5946715578026587
2022-02-17,1.679985755377858,1.593051348027657
2022-02-18,1.6777290392890407,1.590446174414295
2022-02-21,1.6722046538623936,1.5840342000733403
2022-02-22,1.663179093820238,1.5734978919382456
2022-02-23,1.6609136474128172,1.570832843743253
2022-02-24,1.5977789627575407,1.4957768192051033
2022-02-25,1.6280827181060578,1.5335626248117553
2022-02-28,1.6380149918784386,1.5460366757883988
2022-03-02,1.6242659404879984,1.528734000518372
2022-03-03,1.6163505936112486,1.518800933288297
2022-03-04,1.5977823203326174,1.495537410780354
2022-03-07,1.5695894290375254,1.460352373600127
2022-03-08,1.5807430608368485,1.474188885965082
2022-03-09,1.6053152653802152,1.5047433524605338
2022-03-10,1.6236969933866243,1.5277168518448414
2022-03-11,1.6263056499065078,1.5309894562300164
2022-03-14,1.6439704584241,1.5531621106095679
2022-03-15,1.628747550708312,1.5339860621683343
2022-03-16,1.6516458286264726,1.5627407850456658
2022-03-17,1.6743914563785787,1.591435813144915
2022-03-21,1.662081906886103,1.5758362370857213
2022-03-22,1.6764936900978287,1.5940548316315064
2022-03-23,1.6714215388154898,1.5876245173286105
2022-03-24,1.6697569357174333,1.5855163207231397
2022-03-25,1.6646852030079113,1.5790951764012144
2022-03-28,1.6697075006552715,1.5854472761605383
2022-03-29,1.6772189160369864,1.594957085837583
2022-03-30,1.689776468254327,1.6108786900520342
2022-03-31,1.6873492206789404,1.607794699589174
2022-04-01,1.7022635851688492,1.6267312497038842
2022-04-04,1.7299517143364902,1.6619855112502613
2022-04-05,1.7230468555292833,1.653147807237289
2022-04-06,1.7122571965356481,1.63936190957122
2022-04-07,1.7000893222347813,1.6238867575675477
2022-04-08,1.7113879605533848,1.637216853238319
2022-04-11,1.7018720234527178,1.6271455170794926
2022-04-12,1.687944225077136,1.6138292662819516
2022-04-13,1.6823421300554493,1.6087981831930236
2022-04-18,1.652495567935585,1.5809962393188812
2022-04-19,1.6318076804437038,1.561203464706495
2022-04-20,1.6424950591187382,1.5775808709162442
2022-04-21,1.6561997525142274,1.6011525767062151
2022-04-22,1.644574229744792,1.580839630428189
2022-04-25,1.6330850422110663,1.5607706775653973
2022-04-26,1.6461637689308055,1.5834956884457596
2022-04-27,1.637614069977344,1.5685452031964382
2022-04-28,1.6485392257975655,1.5875693176392391
2022-04-29,1.6410429450556765,1.574450850744983
2022-05-02,1.6392774290261154,1.5713713553708337
2022-05-04,1.6185871978686395,1.5353300936929304
2022-05-05,1.6188600468795915,1.5357950656691988
2022-05-06,1.603195156988546,1.5108101039884816
2022-05-09,1.593967823548825,1.5007387678296555
2022-05-10,1.5891007788595262,1.4950495138516593
2022-05-11,1.583535810733296,1.4883337614156134
2022-05-12,1.5566605093821089,1.455275260802798
2022-05-13,1.5547507676006602,1.4528955608391811
2022-05-16,1.5591949448624314,1.4584328808187448
2022-05-17,1.5899763680003351,1.496821657625094
2022-05-18,1.5885827688828007,1.49507252870586
2022-05-19,1.5569672655423927,1.4554041799470303
2022-05-20,1.5907053862328697,1.4974523185712507
2022-05-23,1.5869317374832443,1.4927158435964436
2022-05-24,1.5803584100442676,1.4844719408021976
2022-05-25,1.5730550605077804,1.4753257838018745
2022-05-26,1.5836845028692839,1.4886146145582784
2022-05-27,1.5970812570692559,1.5053970282608908
2022-05-30,1.6197300120926748,1.5338388030621606
2022-05-31,1.6141195711756584,1.5267640728416523
2022-06-01,1.6095958213762451,1.5210747289618818
2022-06-02,1.6173171255861039,1.5307639825802708
2022-06-03,1.6140971500540973,1.5267410579874516
2022-06-06,1.6130065800387476,1.5253831815896253
2022-06-07,1.6016601976549922,1.511279571053461
2022-06-08,1.5971977901161163,1.5057468360643826
2022-06-09,1.6062450851989478,1.5169642400409717
2022-06-10,1.5857753484296409,1.4915282411589903
2022-06-13,1.5540017333690825,1.452182100358967
2022-06-14,1.5508388047951076,1.4482879151068317
2022-06-15,1.5478518891331752,1.4446102133270193
2022-06-16,1.5230668812544381,1.4140878417649643
2022-06-17,1.5180273733203282,1.4079106908582735
2022-06-20,1.5222849336877953,1.4131258927808048
2022-06-21,1.5439016244784862,1.4396987894995787
2022-06-22,1.5272004053187336,1.4189393910107737
2022-06-23,1.5378547897013786,1.4321361623503757
2022-06-24,1.548429917353159,1.445263799225602
2022-06-27,1.5582570716386472,1.4574892717965258
2022-06-28,1.5596042532497494,1.459160186172188
2022-06-29,1.555879128372557,1.4544558960325515
2022-06-30,1.5546252416679371,1.4527206119865474
2022-07-01,1.552991466690171,1.4501245184523819
2022-07-04,1.5576199653350178,1.4577930498916165
2022-07-05,1.5562907656687242,1.4555375941799724
2022-07-06,1.5659822098016165,1.4720116447970089
2022-07-07,1.5736912067743076,1.4851854012824104
2022-07-08,1.5784002999085944,1.4932589402145087
2022-07-11,1.5781534148783265,1.49283550285793
2022-07-12,1.569463150454001,1.4783177148479318
2022-07-13,1.5633897787862978,1.4698805232391117
2022-07-14,1.5613285580671188,1.4673028595686615
2022-07-15,1.5704791539631713,1.4774800101157453
2022-07-18,1.5929170673100759,1.4985892164080423
2022-07-19,1.5993738335673626,1.5043014852402388
2022-07-20,1.6174090829239103,1.5208997801092476
2022-07-21,1.6256719726436821,1.528669630848029
2022-07-22,1.6374757170282161,1.539182744325375
2022-07-25,1.628642260191351,1.5310401608306754
2022-07-26,1.614232101765788,1.5174935816875814
2022-07-27,1.6305663912122559,1.5320344744535541
2022-07-28,1.6592950528337111,1.558529066726982
2022-07-29,1.6817054152017887,1.5795784883394224
2022-08-01,1.7005013940017488,1.5963149622354085
2022-08-02,1.7010404740770806,1.5968119392432996
2022-08-03,1.7052281097349324,1.6007429842228653
2022-08-04,1.7045929255512688,1.6001767828488247
2022-08-05,1.7061410503169054,1.6016037038092525
2022-08-08,1.7186545109611984,1.613350449432452
2022-08-10,1.7196526947385193,1.614238858765299
2022-08-11,1.7320581730810594,1.6256772413029221
2022-08-12,1.735898184070433,1.6292814034314222
2022-08-16,1.7490578480618848,1.640982119346221
2022-08-17,1.7609436217232755,1.651937189945635
2022-08-18,1.7621457649929084,1.6530649178014571
2022-08-19,1.741630524479672,1.634832478382442
2022-08-22,1.7148916521419406,1.610183569533761
2022-08-23,1.7234021143769467,1.6181743988335762
2022-08-24,1.7262412839421646,1.6207013579033662
2022-08-25,1.7180040630001083,1.613106456017218
2022-08-26,1.7215779504516042,1.6164621296417725
2022-08-29,1.696138109909752,1.5938155131085305
2022-08-30,1.7406863047181325,1.634910872729562
2022-09-01,1.7194659543443522,1.614980008991973
2022-09-02,1.7191195146893024,1.6146714661028483
2022-09-05,1.7317294258902478,1.6263033172585941
2022-09-06,1.7307294333208054,1.6253642033250868
2022-09-07,1.7275044464576792,1.6224920214422902
2022-09-08,1.7449049259499154,1.6385425448009736
2022-09-09,1.7482969073437988,1.6417277646616062
2022-09-12,1.7589479062575146,1.6512098845921912
2022-09-13,1.7723060044257717,1.6635183365007207
2022-09-14,1.7658032405912936,1.6574147252453422
2022-09-15,1.7527586766249887,1.6457830538931448
2022-09-16,1.7181021496020132,1.6138797910790628
2022-09-19,1.7270597991801202,1.6222940577354565
2022-09-20,1.747103420208239,1.640153584595005
2022-09-21,1.7373083003285164,1.6311409317293994
2022-09-22,1.7286259671836433,1.6229891782537293
2022-09-23,1.7040988512632183,1.595145699759897
2022-09-26,1.68334998120102,1.5665107260458273
2022-09-27,1.6828642484046141,1.5656913612755816
2022-09-28,1.6747656091545469,1.551992848134055
2022-09-29,1.6725526648905316,1.5482644417535822
2022-09-30,1.6876630825629668,1.5736958556450784
2022-10-03,1.6764171088013198,1.5546395563671065
2022-10-04,1.6975447020841599,1.5902620555806908
2022-10-06,1.7006526112606837,1.595555472046794
2022-10-07,1.6997269937791704,1.5939766170879335
2022-10-10,1.6957501522685838,1.5871964050797716
2022-10-11,1.6818222437009034,1.5634957801455684
2022-10-12,1.6894502369705717,1.5763885935865307
2022-10-13,1.6835217284011048,1.5663311023009345
2022-10-14,1.6928468732292483,1.5821054474092127
2022-10-17,1.6996787347574143,1.5937142837107579
2022-10-18,1.7091369738909614,1.6098383467207535
2022-10-19,1.7104973557319725,1.6121675218872584
2022-10-20,1.7132758716329253,1.6169269218144917
2022-10-21,1.7139393664146385,1.6180639994548327
2022-10-24,1.7222866760365008,1.6322825044584508
2022-10-25,1.718060897263609,1.6254332478876874
2022-10-27,1.7240697225290418,1.6328532009212025
2022-10-28,1.7289154019334887,1.637442506691611
2022-10-31,1.752424465008528,1.6581925553958972
2022-11-01,1.765697638665407,1.6704549775960256
2022-11-02,1.759610929947375,1.6646965891536538
2022-11-03,1.7565059361331674,1.66192096177637
2022-11-04,1.762906793458832,1.667854299071375
2022-11-07,1.7712410873317443,1.6757392240811586
2022-11-09,1.7665355009275385,1.6715228308702168
2022-11-10,1.7537572905885241,1.659665506064726
2022-11-11,1.7850323481848371,1.6892626085665037
2022-11-14,1.7829247671077046,1.687370895433356
2022-11-15,1.7902867571299297,1.694206307130889
2022-11-16,1.7908947584772115,1.6947816784859004
2022-11-17,1.7841533517924348,1.6887287718311823
2022-11-18,1.7805605246041039,1.6853916179721171
2022-11-21,1.7661954438609702,1.6717943342283628
2022-11-22,1.7748326637228935,1.6795503400939142
2022-11-23,1.7771170793880475,1.6816723815726151
2022-11-24,1.7982131471858245,1.701635430145375
2022-11-25,1.801153378269259,1.7042729683974565
2022-11-28,1.8061065096370803,1.708875939237546
2022-11-29,1.8114871294807802,1.7139668969081048
2022-11-30,1.8258920083851302,1.7268827252032677
2022-12-01,1.83125890689357,1.7318677785837948
2022-12-02,1.819928182529561,1.721152026507356
2022-12-05,1.8204367172287834,1.721607828502654
2022-12-06,1.8146592886283632,1.7162406925816898
2022-12-07,1.8066531883218269,1.708668805549742
2022-12-08,1.8116687241074232,1.7131658720998002
2022-12-09,1.8004965984662078,1.7027861728553977
2022-12-12,1.8005502126324906,1.7028368774560578
2022-12-13,1.811923512862973,1.7130416278478273
2022-12-14,1.817110887641263,1.7178564072679807
2022-12-15,1.7932141816415306,1.6952649904241102
2022-12-16,1.7814531290854825,1.6818334855520185
2022-12-19,1.792734836271053,1.6957758123052311
2022-12-20,1.7902742183514906,1.6925400676474867
2022-12-21,1.7781252194404966,1.675398496356863
2022-12-22,1.7740263157537672,1.6687932332013342
2022-12-23,1.7565513037801912,1.6392836950276475
2022-12-26,1.7678285471990176,1.6584135339569317
2022-12-27,1.7741821046686566,1.6692490351966323
2022-12-28,1.7736546311419108,1.6683467809905552
2022-12-29,1.7773422146170572,1.6746528510414784
2022-12-30,1.772736692124743,1.666763430942984
2023-01-02,1.7776992502959288,1.6752465623584307
2023-01-03,1.7795853373976036,1.6784779917310126
2023-01-04,1.7694062701154183,1.6610233824625533
2023-01-05,1.7666661157095425,1.6563468719711512
2023-01-06,1.759498740323287,1.6441304794794238
2023-01-09,1.7725986174751438,1.6663858434912582
2023-01-10,1.7625219823146367,1.6491662374606113
2023-01-11,1.7615233929596386,1.647467633338489
2023-01-12,1.7594924195056132,1.6440154052084217
2023-01-13,1.7648253553551214,1.653074087782428
2023-01-16,1.7614872386918359,1.647389418794917
2023-01-17,1.77006764901063,1.6619763412692907
2023-01-18,1.776110485891468,1.6722914910398028
2023-01-19,1.7730173144515682,1.6669980745736994
2023-01-20,1.768691116571429,1.6596149812676146
2023-01-23,1.7736192477919455,1.6679832182156078
2023-01-24,1.7736056957911877,1.6679602033614074
2023-01-25,1.7613830770645942,1.647122410525482
2023-01-27,1.7458034711084849,1.620646158213995
2023-01-30,1.7482362648762628,1.6247519722426456
2023-01-31,1.7489556351071145,1.6259672644265584
2023-02-01,1.7464579016480017,1.6217463761269058
2023-02-02,1.7461361293589248,1.6212031896070656
2023-02-03,1.7594239656499056,1.643633502471533
2023-02-06,1.7545749276566824,1.6353986797564832
2023-02-07,1.7522331163360874,1.6314309548530355
2023-02-08,1.76040542204454,1.6452582073352457
2023-02-09,1.7615840910012126,1.647260499650685
2023-02-10,1.7595789188991309,1.643858976121278
2023-02-13,1.7549333122818613,1.635978726003754
2023-02-14,1.7635800883072834,1.6506114983829798
2023-02-15,1.7682486371692112,1.6585286082279342
2023-02-16,1.769332944406946,1.6603697965639703
2023-02-17,1.7643736567627581,1.6519325150533761
2023-02-20,1.758984928570382,1.642763433100627
2023-02-21,1.7580142861031138,1.6411155335791652
2023-02-22,1.743234827509611,1.6160386922851946
2023-02-23,1.740883278736719,1.6120754624704579
2023-02-24,1.7383979458951635,1.6078914338982355
2023-02-27,1.7343956531783404,1.6011617466871855
2023-02-28,1.7295251930228106,1.592991473446026
2023-03-01,1.7376054427362124,1.606519712627179
2023-03-02,1.730538743027269,1.5946440478597472
2023-03-03,1.7455149573563196,1.6197255640459773
2023-03-06,1.751910208664483,1.630505685792758
2023-03-08,1.7542484404424572,1.6344597456265242
2023-03-09,1.745282238658969,1.6192882818161687
2023-03-10,1.735632784706344,1.6030214547887107
2023-03-13,1.7214548405668293,1.5792149255644758
2023-03-14,1.7153271125764726,1.5689963302994765
2023-03-15,1.711388528718958,1.562446266833319
2023-03-16,1.7121344312837685,1.5636843940678837
2023-03-17,1.718479645404781,1.5742207022029786
2023-03-20,1.7123083485815997,1.5639422323563483
2023-03-21,1.7189109449248563,1.5749064729367324
2023-03-22,1.7213647471228686,1.5789939470034418
2023-03-23,1.7172245076087704,1.572089490743307
2023-03-24,1.7099320203418988,1.5599514925986997
2023-03-27,1.7121881247397708,1.563693564048854
2023-03-28,1.710302824809645,1.5605635438775929
2023-03-29,1.7174671411406988,1.5724392086450245
2023-03-31,1.7332873212446158,1.5981284608249853
2023-04-03,1.7354706760524727,1.6016544084099136
2023-04-05,1.7447497734972173,1.6162918556813992
2023-04-06,1.7475543736151746,1.620167521168045
2023-04-10,1.7493823875177024,1.6224598366071195
2023-04-11,1.7573985309836435,1.631504674307896
2023-04-12,1.7663330888106583,1.6397991918010284
2023-04-13,1.7679936823028108,1.6412352827424268
2023-04-17,1.7556876362703602,1.6300822484361794
2023-04-18,1.751057267639486,1.625783145592955
2023-04-19,1.7467115317289996,1.6219718497766509
2023-04-20,1.7472883664999468,1.6224965165310017
2023-04-21,1.74724886539555,1.6224598366071197
2023-04-24,1.7597265355914073,1.6334470920417041
2023-04-25,1.762339022722746,1.6358267920053209
2023-04-26,1.7667375790627193,1.6399095911797708
2023-04-27,1.7773657175252708,1.649249126896442
2023-04-28,1.7925176675863899,1.663053364524452
2023-05-02,1.8007187351440002,1.6706621112838302
2023-05-03,1.794655814637051,1.6653410050712671
2023-05-04,1.8114215389804442,1.6806183731716542
2023-05-05,1.792886336788593,1.6634216021916592
2023-05-08,1.8133753020082197,1.6814100481954402
2023-05-09,1.813531868273456,1.681552632409354
2023-05-10,1.8184117570035216,1.686077388705872
2023-05-11,1.8165133407636873,1.6844111492224692
2023-05-12,1.8183125578624655,1.6860498787629605
2023-05-15,1.8266570133375022,1.6937873648630224
2023-05-16,1.81487433368703,1.6834445253460502
2023-05-17,1.8042938778809858,1.673801301436062
2023-05-18,1.7991533478176627,1.6690325517243096
2023-05-19,1.8068566520001965,1.6757944237705305
2023-05-22,1.8180689926471945,1.6860130190355298
2023-05-23,1.8214044230553348,1.6891061794793605
2023-05-24,1.8148375885091597,1.6833432959482777
2023-05-25,1.8184503091086661,1.686634420098942
2023-05-26,1.8361373220696358,1.7030393362516028
2023-05-29,1.8465507382958877,1.7121809082614403
2023-05-30,1.8501097773628858,1.7154213278114443
2023-05-31,1.8402357054015073,1.706266090731925
2023-06-01,1.8353408491958918,1.7019714829774113
2023-06-02,1.8400270239630123,1.706238400985465
2023-06-05,1.845958880217102,1.7117389511393724
2023-06-06,1.846499216624836,1.7122130930966113
2023-06-07,1.8593760964872055,1.7239414987578698
2023-06-08,1.8502561927907608,1.7154858772853345
2023-06-09,1.8427908040599352,1.708935813819177
2023-06-12,1.8466389449141087,1.712443241638616
2023-06-13,1.858020708555629,1.7229978897356515
2023-06-14,1.8621895045881047,1.7266572515535228
2023-06-15,1.8553339504848987,1.7204155511729415
2023-06-16,1.8690245494146767,1.733110580710619
2023-06-19,1.8616339635320494,1.726615716933833
2023-06-20,1.8678258399911125,1.732254356212943
2023-06-21,1.8718113390535829,1.7359505777582451
2023-06-22,1.8628414635019221,1.728070327640721
2023-06-23,1.8521452205873967,1.7183350443139311
2023-06-26,1.8546953095312042,1.7207008994043178
2023-06-27,1.8679272767310393,1.7323189056868333
2023-06-28,1.8835896675797044,1.7465604255446516
2023-06-30,1.9051290329702977,1.7665328239019304
2023-07-03,1.919111466957249,1.77882275604497
2023-07-04,1.9258380651260631,1.7849400323700302
2023-07-05,1.9267816651889182,1.785814596829647
2023-07-06,1.9371530935923547,1.794910139131084
2023-07-07,1.9204012520528886,1.7796743056503865
2023-07-10,1.9227952825181012,1.7818929016346001
2023-07-11,1.9315497673460829,1.7895798629375501
2023-07-12,1.9259720132021152,1.7845074250324808
2023-07-13,1.9288980084063387,1.7872185029358743
2023-07-14,1.944739027595049,1.8010964600187451
2023-07-17,1.959626313516505,1.8146245193963497
2023-07-18,1.9633843023273185,1.818104437272877
2023-07-19,1.9721985556217076,1.8258282583032572
2023-07-20,1.9869981401541732,1.8392689331563195
2023-07-21,1.963711044277135,1.8177131847514691
2023-07-24,1.9560801272170172,1.811025032160109
2023-07-25,1.9569165412538394,1.811784522348724
2023-07-26,1.9666313387263208,1.8207788352523886
2023-07-27,1.9541693089137597,1.8098789643423463
2023-07-28,1.9527647461193485,1.808603977380351
2023-07-31,1.9634748070744577,1.8185233795407445
2023-08-01,1.9613324036495792,1.8166591763505082
2023-08-02,1.9403152475766894,1.7976028770725363
2023-08-03,1.9259167785147864,1.7842634316172463
2023-08-04,1.935338892208307,1.79672363772066
2023-08-07,1.9406152927128681,1.8041160808112637
2023-08-08,1.938916355161186,1.801681001354727
2023-08-09,1.9427683977891534,1.8073611752535272
2023-08-10,1.9374352876606287,1.7991263525384773
2023-08-11,1.9308565509168678,1.7885580393717602
2023-08-14,1.9312039022125225,1.7891334107267713
2023-08-16,1.9328745065731394,1.7919365480469664
2023-08-17,1.9274226180087135,1.7827536212209871
2023-08-18,1.9244053536115884,1.7776811833159178
2023-08-21,1.928979814244409,1.7853634697266085
2023-08-22,1.9291357173523613,1.785625803103784
2023-08-23,1.931738375117434,1.7900033002941287
2023-08-24,1.9286062340420531,1.7847282237899664
2023-08-25,1.921986761271423,1.773598384141468
2023-08-28,1.924195633089393,1.7773037756677403
2023-08-29,1.9262024788748384,1.7806731143619763
2023-08-30,1.926465494491199,1.781114891680496
2023-08-31,1.9213297068538204,1.7724936711398465
2023-09-01,1.9313942853394521,1.7892024552893724
2023-09-04,1.9370921488354527,1.79781001076034
2023-09-05,1.9403084192140059,1.8020539139141931
2023-09-06,1.9431429171730061,1.8053818977922875
2023-09-07,1.953009581517356,1.816060790141296
2023-09-08,1.9608620426442847,1.824612966119344
2023-09-11,1.9783139960507528,1.8408522832038905
2023-09-12,1.9779850481319659,1.8405622600802551
2023-09-13,1.9857304191172906,1.8476324952120526
2023-09-14,1.9890053020867393,1.8506796259474823
2023-09-15,1.9983319767146885,1.8588959288970424
2023-09-18,1.9923768174274115,1.8534599282170254
2023-09-20,1.969428123258798,1.8321113134999791
2023-09-21,1.952803636508538,1.817469191336234
2023-09-22,1.9459382731046615,1.8111999810127413
2023-09-25,1.9459680227391436,1.8112276707592014
2023-09-26,1.9449399863692414,1.8103207416608649
2023-09-27,1.9501600355008895,1.815084816480358
2023-09-28,1.9310803919226065,1.7973266988221301
2023-09-29,1.943008643800092,1.8078905169001362
2023-10-03,1.9319651679592156,1.7978053358680801
2023-10-04,1.922799331564909,1.789275994940684
2023-10-05,1.9308859192080365,1.7993703459537107
2023-10-06,1.9383006578824715,1.8092897481141044
2023-10-09,1.9292253199714153,1.7962955254718211
2023-10-10,1.9398115821606612,1.8126360719541401
2023-10-11,1.946706975685132,1.8238212910955582
2023-10-12,1.9457550433586541,1.8222240961747567
2023-10-13,1.943424421122466,1.818270216144539
2023-10-16,1.94237897272627,1.8164933974788449
2023-10-17,1.9466979405605278,1.823835135968788
2023-10-18,1.939100932084579,1.8109099578891061
2023-10-19,1.9365849485967126,1.8066383649887932
2023-10-20,1.9321305956086823,1.7990849977223349
2023-10-23,1.9179401519387773,1.7750666599180367
2023-10-25,1.909207170791085,1.7603740129571797
2023-10-26,1.8946586877636808,1.735987437485674
2023-10-27,1.905158495223973,1.7534787266780154
2023-10-30,1.9103106827961425,1.7621001270222132
2023-10-31,1.9069455716548072,1.7564568128508438
2023-11-01,1.9019730871257734,1.7481301105225406
2023-11-02,1.9099120823735443,1.7613958365229696
2023-11-03,1.9152572790304063,1.770357784787915
2023-11-06,1.9251828878976207,1.7870343841022702
2023-11-07,1.9249072632943598,1.7865694121260018
2023-11-08,1.9269156426005571,1.7899572705857274
2023-11-09,1.9242871197688864,1.7855200786173002
2023-11-10,1.9259271682933243,1.788286356210065
2023-11-13,1.9269198723636007,1.7899619454779867
2023-11-15,1.9395720795002038,1.8113103803914845
2023-11-16,1.9444528286476703,1.8195727130494457
2023-11-17,1.9426199915264855,1.8164980723711044
2023-11-20,1.9405008188474178,1.8130181544945771
2023-11-21,1.9460029833335823,1.8212483023173676
2023-11-22,1.9480202448783857,1.823867320803959
2023-11-23,1.9472216819081647,1.822960571509171
2023-11-24,1.9465037625290682,1.8222884658450986
2023-11-28,1.9564048151219222,1.8310341104412693
2023-11-29,1.977143417748488,1.8500812397382704
2023-11-30,1.9807393562637925,1.8534460833437956
2023-12-01,1.9947532352483044,1.8658510897578378
2023-12-04,2.0367758808627383,1.90441481541682
2023-12-05,2.0533462049803832,1.919908307382433
2023-12-06,2.0619296385415176,1.9275123792495517
2023-12-07,2.058262147904706,1.924147715447575
2023-12-08,2.0649831364134297,1.9304307706442978
2023-12-11,2.067863840596555,1.9329807445682883
2023-12-12,2.058764456004541,1.9246310273857847
2023-12-13,2.0607289616927598,1.9264675408295613
2023-12-14,2.087404078224244,1.9500669363659922
2023-12-15,2.114900275444076,1.9752867214809733
2023-12-18,2.1111547602306673,1.971788463642505
2023-12-19,2.1147433720042503,1.9749598386299072
2023-12-20,2.0843238823748362,1.9470705102312225
2023-12-21,2.094661699620195,1.9567275790144405
2023-12-22,2.1044760855155733,1.9654133490289802
2023-12-26,2.1137095186651385,1.973878140482486
2023-12-27,2.1347467409094745,1.9935236559886993
2023-12-28,2.1476450689359985,2.0049343487798628
2023-12-29,2.142891423947246,2.0005800462472667
2024-01-01,2.143926808669215,2.0015466701236857
2024-01-02,2.1360311027604792,1.9945409844657787
2024-01-03,2.121101460769063,1.9808746561594228
2024-01-04,2.1350253680705036,1.9938780487826766
2024-01-05,2.140442185883221,1.9986836582218594
2024-01-08,2.120562299240836,1.980474233657045
2024-01-09,2.123701753565485,1.9834062901214724
2024-01-10,2.1313622684155775,1.9902048420915752
2024-01-11,2.1342256092086074,1.9928285354704265
2024-01-12,2.158612322419433,2.0155995760591896
2024-01-15,2.179647951412783,2.0342782878854355
2024-01-16,2.173100918170276,2.028280760723637
2024-01-17,2.1276952924445585,1.9859010643560915
2024-01-18,2.1163257794368624,1.9758022182543538
2024-01-19,2.1324082305909657,1.9905455698158714
2024-01-23,2.094577511082257,1.955231613491412
2024-01-24,2.1169040656203717,1.9750380531734797
2024-01-25,2.106724416729824,1.9657078672413273
2024-01-29,2.1447099039903477,2.001150742710019
2024-01-30,2.1223000986053813,1.9813119383892317
2024-01-31,2.1427489055391513,2.000055199689368
2024-02-01,2.1399626819073134,1.997454521164717
2024-02-02,2.1561699627457394,2.0118481548245164
2024-02-05,2.147913040570338,2.00428993286225
2024-02-06,2.163471238402312,2.0188078107740224
2024-02-07,2.163585373134,2.0189090401717946
2024-02-08,2.1422205486970936,1.9993417392091535
2024-02-09,2.1485877249270118,2.005284246485129
2024-02-12,2.131276200829745,1.9899610284798892
2024-02-13,2.144055543077249,2.001670914375658
2024-02-14,2.153600861813559,2.0105823378434913
2024-02-15,2.160959035043759,2.017090866689959
2024-02-16,2.1740145106711095,2.0290539159819327
2024-02-19,2.1820583835099185,2.0365614333435387
2024-02-20,2.1898431882636333,2.0434381998572135
2024-02-21,2.175575947574628,2.0303751124558773
2024-02-22,2.191595413503451,2.0453254179016502
2024-02-23,2.191099911367562,2.0448881356718416
2024-02-26,2.181986026639206,2.0365430933815976
2024-02-27,2.1895116841139104,2.0435671190014455
2024-02-28,2.1637902756094585,2.020810103089461
2024-02-29,2.1669710173284904,2.0237238195919476
2024-03-01,2.2020589776092323,2.0564922970811277
2024-03-04,2.2090052385729155,2.062646433133618
2024-03-05,2.204053475462192,2.0581080117674184
2024-03-06,2.215662162394573,2.06894800809583
2024-03-07,2.217690211141401,2.070743166723465
2024-03-11,2.201532158478544,2.055930770599346
2024-03-12,2.2018327091541448,2.0562114439384622
2024-03-13,2.1667102984358344,2.025095361059455
2024-03-14,2.1816457419813684,2.038807719074212
2024-03-15,2.1694994977569637,2.027456721061131
2024-03-18,2.171786564699161,2.0304348072339597
2024-03-19,2.157125060831908,2.0085016511809317
2024-03-20,2.158321598567006,2.0104947735154006
2024-03-21,2.1677331420314987,2.0264072077488815
2024-03-22,2.1723285043538736,2.034213918215093
2024-03-26,2.1673476454237974,2.025739776977068
2024-03-27,2.1737965761186997,2.036690352487771
2024-03-28,2.1848140706864188,2.0554014289527363
2024-04-01,2.192195119640973,2.0678386202019494
2024-04-02,2.1917121919736444,2.067037775197193
2024-04-03,2.1906593037926796,2.06532083111313
2024-04-04,2.195199090716214,2.072685584457274
2024-04-05,2.195145423137266,2.0725980201291834
2024-04-08,2.2037397737318165,2.0866464309759762
2024-04-09,2.2024113737821795,2.0844783597888745
2024-04-10,2.2086576604648935,2.094701629946133
2024-04-12,2.195506386791815,2.0731228666870827
2024-04-15,2.181611987795043,2.0503933607180094
2024-04-16,2.174559717822616,2.038922793345215
2024-04-18,2.1657499886797136,2.0249250870990827
2024-04-19,2.1748534276654965,2.0388399039093836
2024-04-22,2.1883318623429635,2.0562759934123536
2024-04-23,2.1909531633387282,2.0591850350225807
2024-04-24,2.194322693232323,2.062351914921272
2024-04-25,2.2116703342850252,2.0778132220517147
2024-04-26,2.1966464911183037,2.063967449804015
2024-04-29,2.218539637612364,2.084538234370505
2024-04-30,2.2145647986210295,2.0809892719313763
2024-05-02,2.218898522506344,2.0849800116890242
2024-05-03,2.20201301695674,2.069113607163944
2024-05-06,2.199796311663384,2.066061801536255
2024-05-07,2.1915717517934854,2.0531551432220625
2024-05-08,2.1915717517934854,2.0531551432220625
2024-05-09,2.172873260691747,2.0213946444254427
2024-05-10,2.178191871820566,2.030388777525559
2024-05-13,2.18084559810254,2.0348860238791655
2024-05-14,2.187021577775054,2.045362277629081
2024-05-15,2.1860837880985313,2.043769757600539
2024-05-16,2.1973655363457554,2.062485329154215
2024-05-17,2.2016177173206284,2.0682160278501267
2024-05-21,2.2077867639168725,2.0740112760199287
2024-05-22,2.2148234522781887,2.080340360925052
2024-05-23,2.2516607378022773,2.114388500268487
2024-05-24,2.2506263794987627,2.1134172014998085
2024-05-27,2.24808126923936,2.1111479009149345
2024-05-28,2.243656769269429,2.107069776632744
2024-05-29,2.2256736008358478,2.0901813687383255
2024-05-30,2.2101714351515307,2.0702920396204263
2024-05-31,2.212672143703345,2.074163030214813
2024-06-03,2.2538422978772146,2.141661102496019
2024-06-04,2.1726735909808004,2.014674306998911
2024-06-05,2.2286694760095163,2.0824161928918032
2024-06-06,2.243526464303547,2.100924810561224
2024-06-07,2.278087875772873,2.1440776621870663
2024-06-10,2.2758172971723045,2.1412283153549216
2024-06-11,2.2762319478424224,2.1417484870205614
2024-06-12,2.280495295422641,2.147097103176036
2024-06-13,2.286065119223382,2.1540891237642614
2024-06-14,2.290952488556075,2.160229414943522
2024-06-18,2.2977110002109273,2.168726571035747
2024-06-19,2.294645946015557,2.164869245511042
2024-06-20,2.2983783072834787,2.1695642757679336
2024-06-21,2.2935580916754716,2.1634975242399856
2024-06-24,2.29624801666115,2.1668807078074517
2024-06-25,2.3096705278030902,2.18376911570187
2024-06-26,2.320441745908483,2.1973478796801347
2024-06-27,2.3332523958592897,2.2135226472907905
2024-06-28,2.3307851527996655,2.2104017971005
2024-07-01,2.3403480455840446,2.222493765536706
2024-07-02,2.3390320980279498,2.220827526053303
2024-07-03,2.350859953200551,2.235801026156825
2024-07-04,2.3519982227108565,2.237241791990483
2024-07-05,2.353792414014163,2.2392394094136625
2024-07-08,2.353473190012187,2.238935721220346
2024-07-09,2.36517697936152,2.2493060706802295
2024-07-10,2.3544203006882745,2.239294609103034
2024-07-11,2.353597565818684,2.2385121040602187
2024-07-12,2.372735281109929,2.255653675350842
2024-07-15,2.381085654540985,2.263437191159305
2024-07-16,2.3836327395474117,2.265858425742612
2024-07-18,2.4028845411010225,2.28315175122812
2024-07-19,2.3762362993288613,2.258300383583894
2024-07-22,2.3741390895534944,2.2563072612494257
2024-07-23,2.3710471461995835,2.2535271387834306
2024-07-24,2.3645796460950748,2.2474925720906533
2024-07-25,2.363862878198418,2.2468112964456104
2024-07-26,2.407807077357316,2.28628177139938
2024-07-29,2.4079303899882416,2.2863968456703825
2024-07-30,2.409985903811431,2.2883486131887096
2024-07-31,2.4196000461418117,2.2969883534948488
2024-08-01,2.425500926428734,2.302488903648756
2024-08-02,2.397066935532534,2.2754969747603404
2024-08-05,2.3292535916087034,2.214544470856581
2024-08-06,2.3230603765160693,2.208740232509357
2024-08-07,2.352586851353471,2.2368136797416454
2024-08-08,2.3344127628944173,2.2201969550089213
2024-08-09,2.359036324677312,2.2432578389177715
2024-08-12,2.3570517039876275,2.241370620873335
2024-08-13,2.3420339336105984,2.2222222621785614
2024-08-14,2.342331484909929,2.2226595444083697
2024-08-16,2.367339557208549,2.259243992606113
2024-08-19,2.3696094536024064,2.2621438642353695
2024-08-20,2.3788057866805508,2.2737616907143368
2024-08-21,2.3841207921257954,2.280330094142435
2024-08-22,2.3874455743014846,2.2841322199777685
2024-08-23,2.3885666138813786,2.285204748144219
2024-08-26,2.407632690410809,2.3024612139022964
2024-08-27,2.4083348686008077,2.3031194746931387
2024-08-28,2.411665601608284,2.3063046945537713
2024-08-29,2.421807099550358,2.3154737765065208
2024-08-30,2.4300439957381683,2.3232022724291608
2024-09-02,2.4341652291279,2.3271423075861484
2024-09-03,2.4342823559162268,2.32724821187618
2024-09-04,2.4263282373199595,2.319777554242005
2024-09-05,2.42116724688125,2.3148432054621386
2024-09-06,2.3912417944109507,2.2878744712314716
2024-09-09,2.399495422760484,2.295630477097023
2024-09-10,2.4095700643375286,2.3052690261147517
2024-09-11,2.3970742627774877,2.293977902683302
2024-09-12,2.4431556780648207,2.337287363199836
2024-09-13,2.4400378117094816,2.3343046021347478
2024-09-16,2.442810524026745,2.3368132212425965
2024-09-17,2.4462212512094577,2.3400169608687182
2024-09-18,2.442275508111721,2.336242524779845
2024-09-19,2.4461659833111256,2.3397637974725134
2024-09-20,2.4828975096343595,2.3742997438428683
2024-09-23,2.4971552632976826,2.387933887314053
2024-09-24,2.497292614996156,2.388058131566026
2024-09-25,2.503537400695734,2.3939269193871406
2024-09-26,2.523938011566796,2.4134343457681506
2024-09-27,2.5201653629114817,2.4100187975619654
2024-09-30,2.48410309120383,2.376131762197934
2024-10-01,2.4827605822224843,2.3748476052549683
2024-10-03,2.440087287761501,2.3245094442263268
2024-10-04,2.426654454213465,2.3028294515695036
2024-10-07,2.4148991884008195,2.2826822841631405
2024-10-08,2.4265504286420336,2.3026960373365606
2024-10-09,2.4248845701500397,2.2998236756502153
2024-10-10,2.425765834295382,2.301342656027445
2024-10-11,2.423938660372023,2.298194295894243
2024-10-14,2.432687087430302,2.3132643505032777
2024-10-15,2.4289270589545002,2.3067649916377806
2024-10-16,2.424338752993664,2.298843386704115
2024-10-17,2.4125124577192314,2.2784567209712283
2024-10-18,2.418099156100007,2.288049420084105
2024-10-21,2.41419514257826,2.2813335777462846
2024-10-22,2.3976357493710476,2.2528872179545294
2024-10-23,2.3956635223679514,2.2495178792602935
2024-10-24,2.3937169246091283,2.2461945702744583
2024-10-25,2.3819210431685183,2.2260704177222954
2024-10-28,2.3905002465021994,2.2406479904121506
2024-10-29,2.3973987300979944,2.2524039060163203
2024-10-30,2.390608222842284,2.2408044194992938
2024-10-31,2.383288703229209,2.2283303685226503
2024-11-01,2.3886499802268957,2.237444250786028
2024-11-04,2.3719465388671908,2.208997890994273
2024-11-05,2.383796425467803,2.2290623487683536
2024-11-06,2.3984580582647697,2.25398743586744
2024-11-07,2.3831174956597296,2.2277780120218393
2024-11-08,2.380346908341084,2.2230691368917177
2024-11-11,2.379972896021488,2.222434070758624
2024-11-12,2.3659907444033226,2.198696406293442
2024-11-13,2.3483155301014826,2.168832475325778
2024-11-14,2.34687084714227,2.166406565850212
2024-11-18,2.342543107440223,2.159143221707389
2024-11-19,2.3460973080596315,2.1650993940530463
2024-11-21,2.3368468862074856,2.1495782123409732
2024-11-22,2.3675260813245727,2.200887492334745
2024-11-25,2.384664889088761,2.2298540237921394
2024-11-26,2.3831809988180592,2.2273315598110606
2024-11-27,2.3875374343606275,2.2347331728826347
2024-11-28,2.368015528965453,2.201522738271387
2024-11-29,2.3798317688009907,2.221494956825117
2024-12-02,2.38769594100555,2.2348390771726665
2024-12-03,2.3975269066180975,2.251511001594762
2024-12-04,2.3980891121077215,2.2524591057056917
2024-12-05,2.411630554368991,2.2746409300662136
2024-12-06,2.4097592617457955,2.271823947872788
2024-12-09,2.406046176544659,2.266410782243423
2024-12-10,2.405467880138407,2.265586922384466
2024-12-11,2.4077203977629673,2.2685098088679228
2024-12-12,2.4003519179114083,2.2599389333208366
2024-12-13,2.419272415942667,2.2801553250933497
2024-12-16,2.40949984020526,2.2709447085209105
2024-12-17,2.3748866874981083,2.2403579672885137
2024-12-18,2.361179149853914,2.2277319823134376
2024-12-19,2.337063691530808,2.204979461490164
2024-12-20,2.309899128288592,2.1714514938123695
2024-12-23,2.3198552315039103,2.1867286821092082
2024-12-24,2.318450694195765,2.184353657037851
2024-12-26,2.319663458686489,2.1864294890046025
2024-12-27,2.3230591718802254,2.1922477520286052
2024-12-30,2.3140166390564683,2.1767357402975027
2024-12-31,2.3140112765417933,2.176726570316532
