date,prob_Risk-On,prob_Late-Cycle,prob_Transitional,prob_Post-Shock,prob_Risk-Off,regime_call,confidence
2023-09-11,0.04361910261803489,0.015440302911820379,0.9201903951702396,0.006185050553375125,0.014565148746530051,Transitional,0.9201903951702396
2023-09-12,0.005023411068458297,0.0022572458211065098,0.9572518817893939,0.017830564184744893,0.017636897136296428,Transitional,0.9572518817893939
2023-09-13,0.017519995645914284,0.006375636037710611,0.9521618790975869,0.00975201269292811,0.014190476525860132,Transitional,0.9521618790975869
2023-09-14,0.19756166771111122,0.022848425710312502,0.7691410720278914,0.002744226775635965,0.0077046077750488285,Transitional,0.7691410720278914
2023-09-15,0.005322732999979359,0.0017460765382445642,0.9732369496188281,0.006381874933548583,0.013312365909399214,Transitional,0.9732369496188281
2023-09-18,0.019092138537315655,0.002473240578837553,0.9604297368434789,0.007454101010443903,0.010550783029924083,Transitional,0.9604297368434789
2023-09-20,0.008016292115176564,0.0011001898881605704,0.9757249655564254,0.007572065341358809,0.007586487098878636,Transitional,0.9757249655564254
2023-09-21,0.014997712125680308,0.0023281502324816452,0.9657826539863203,0.007365982837560892,0.009525500817956896,Transitional,0.9657826539863203
2023-09-22,0.01679433231973273,0.004087637005135545,0.9183868699667864,0.00967220798669355,0.05105895272165167,Transitional,0.9183868699667864
2023-09-25,0.004731918738182419,0.0007724461405990844,0.9512159449772452,0.013434708743853455,0.029844981400119888,Transitional,0.9512159449772452
2023-09-26,0.19083942752889402,0.031132928509642575,0.7512624116344415,0.0037128313776779694,0.02305240094934396,Transitional,0.7512624116344415
2023-09-27,0.06872724652033725,0.008026072456000047,0.9065755165284892,0.008033310261870043,0.00863785423330342,Transitional,0.9065755165284892
2023-09-28,0.013214331119546324,0.004340030686548532,0.9656336992201727,0.006170160021921288,0.010641778951811124,Transitional,0.9656336992201727
2023-09-29,0.0008758557768892212,0.0001561706326532916,0.9654606832901683,0.010291391031620953,0.02321589926866834,Transitional,0.9654606832901683
2023-10-03,0.005139217102075369,0.0013482423944051881,0.889409242741376,0.03601779545884817,0.06808550230329521,Transitional,0.889409242741376
2023-10-04,0.011258649962338918,0.0038831241577355945,0.9151507536987838,0.01980000870138153,0.049907463479760154,Transitional,0.9151507536987838
2023-10-05,0.01701928817994724,0.005395795752584272,0.9111183365530354,0.010680118642186312,0.05578646087224676,Transitional,0.9111183365530354
2023-10-06,0.08124379676088166,0.009238045676824248,0.8765283497135844,0.009990904735469064,0.02299890311324059,Transitional,0.8765283497135844
2023-10-09,0.020204924498072506,0.0036291277949507487,0.9597433997032384,0.005947828281797337,0.010474719721941065,Transitional,0.9597433997032384
2023-10-10,0.045554770640556914,0.008746374855561349,0.9100885380208167,0.012178616222064034,0.023431700261000867,Transitional,0.9100885380208167
2023-10-11,0.009196187391998574,0.0029730758534686954,0.916970956757294,0.024050224050839415,0.04680955594639924,Transitional,0.916970956757294
2023-10-12,0.05075985742098944,0.0132818459004341,0.876418582958269,0.02519668020197514,0.034343033518332206,Transitional,0.876418582958269
2023-10-13,0.07128665793307648,0.00990527417261058,0.8601518767066803,0.01634998979852655,0.04230620138910621,Transitional,0.8601518767066803
2023-10-16,0.011737847941073232,0.002829656094044115,0.9489147201279086,0.02003774084647422,0.016480034990499826,Transitional,0.9489147201279086
2023-10-17,0.14223620131010883,0.025685948287227353,0.7965703492242058,0.011718466372450017,0.02378903480600805,Transitional,0.7965703492242058
2023-10-18,0.012519794837811916,0.004061466778976692,0.9182516503888422,0.021496551336048962,0.043670536658320186,Transitional,0.9182516503888422
2023-10-19,0.08570425653506139,0.014961239939652354,0.8686633683108489,0.008496911933962592,0.022174223280474734,Transitional,0.8686633683108489
2023-10-20,0.007956203906739593,0.0017632754294608461,0.967935857889105,0.008547017410688562,0.013797645364006166,Transitional,0.967935857889105
2023-10-23,0.0032249326991769804,0.00048409009422442693,0.9889465558215371,0.00432933469089849,0.003015086694163015,Transitional,0.9889465558215371
2023-10-25,0.02084038603316091,0.004247132577332902,0.9435749840096789,0.014373452654834223,0.016964044724993015,Transitional,0.9435749840096789
2023-10-26,0.006611488651909482,0.0019412869198548327,0.9690780547453998,0.006288996941958214,0.016080172740877616,Transitional,0.9690780547453998
2023-10-27,0.014494352438779891,0.004322336187119275,0.9186700472790222,0.01502037000835758,0.047492894086721096,Transitional,0.9186700472790222
2023-10-30,0.019751032658244846,0.004017856938711582,0.9322785306099429,0.013926832468805423,0.03002574732429518,Transitional,0.9322785306099429
2023-10-31,0.005826327758049867,0.001511749131556455,0.9150372066463952,0.025679021342354412,0.05194569512164402,Transitional,0.9150372066463952
2023-11-01,0.018227787488888984,0.003378081485254696,0.9383591691953884,0.014502796637995315,0.02553216519247262,Transitional,0.9383591691953884
2023-11-02,0.004455611095403159,0.001846221853811008,0.841527541367223,0.053919268941769447,0.09825135674179349,Transitional,0.841527541367223
2023-11-03,0.019062036344789843,0.005419196594146101,0.8681402966589992,0.051653493608829364,0.055724976793235695,Transitional,0.8681402966589992
2023-11-06,0.03341075360921049,0.005081479517628344,0.9130945312106651,0.02042751153156839,0.027985724130927637,Transitional,0.9130945312106651
2023-11-07,0.053887628782046004,0.011665667421298936,0.8803950498507492,0.027004888244447522,0.027046765701458197,Transitional,0.8803950498507492
2023-11-08,0.03225148668534471,0.008326584576703355,0.8562871601763427,0.052271738146711495,0.05086303041489787,Transitional,0.8562871601763427
2023-11-09,0.002976466345590052,0.00195393699611381,0.7749946665072864,0.1260124572397983,0.09406247291121134,Transitional,0.7749946665072864
2023-11-10,0.022094492266298584,0.012204222178746643,0.7555443803529128,0.11037806649433396,0.09977883870770804,Transitional,0.7555443803529128
2023-11-13,0.06884713764516782,0.03845618600064096,0.7553696580021974,0.05198443644108707,0.08534258191090681,Transitional,0.7553696580021974
2023-11-15,0.015154351265087867,0.01108136593812163,0.8694297816231223,0.06143144553214547,0.04290305564152278,Transitional,0.8694297816231223
2023-11-16,0.05290307296425699,0.042561744415267326,0.7512726928841224,0.07957049428116832,0.07369199545518501,Transitional,0.7512726928841224
2023-11-17,0.021558155098571397,0.02064835490282947,0.7978058810854901,0.0949518904087569,0.06503571850435198,Transitional,0.7978058810854901
2023-11-20,0.07303083128435882,0.03524311041139841,0.825930143860225,0.0364459928220116,0.029349921622006184,Transitional,0.825930143860225
2023-11-21,0.0034066729761677867,0.004918641369871789,0.8892767658512309,0.08121636234042995,0.021181557462299452,Transitional,0.8892767658512309
2023-11-22,0.11411420401737095,0.03774424425677015,0.7521391966373178,0.03481253329742649,0.061189821791114735,Transitional,0.7521391966373178
2023-11-23,0.00990634359915427,0.003879094010433636,0.8351843950540314,0.06687071545644942,0.08415945187993122,Transitional,0.8351843950540314
2023-11-24,0.08257425294696245,0.04199627382689426,0.7976249317788539,0.029334553049442647,0.048469988397846824,Transitional,0.7976249317788539
2023-11-28,0.05818621363710379,0.022651811338449884,0.8914379168029669,0.012509784335515046,0.015214273885964382,Transitional,0.8914379168029669
2023-11-29,0.011917251100446564,0.013302908184682596,0.881472202087972,0.06223231315880534,0.031075325468093416,Transitional,0.881472202087972
2023-11-30,0.0385863407207883,0.01077776431511674,0.8412375075022596,0.05363478559857834,0.055763601863257045,Transitional,0.8412375075022596
2023-12-01,0.0070727261233665,0.00670443704276848,0.9275395816647978,0.0429505468229877,0.015732708346079517,Transitional,0.9275395816647978
2023-12-04,0.11516095579081889,0.08057307599491578,0.7841887556263445,0.011497774213873413,0.008579438374047278,Transitional,0.7841887556263445
2023-12-05,0.0680959130136935,0.02688705289687202,0.8863215958111621,0.013746640372095572,0.004948797906176761,Transitional,0.8863215958111621
2023-12-06,0.010017285399356913,0.008347902406052505,0.9091980345127209,0.046776389865731384,0.025660387816138292,Transitional,0.9091980345127209
2023-12-07,0.16415884276392842,0.06622136123715384,0.7384064086715612,0.017383549223586234,0.013829838103770475,Transitional,0.7384064086715612
2023-12-08,0.4054496715414663,0.1417664186593074,0.44753003859035745,0.0015560669113254119,0.0036978042975435643,Transitional,0.44753003859035745
2023-12-11,0.1986798093925568,0.10724761830207755,0.6464357097476732,0.021402083854240854,0.026234778703451787,Transitional,0.6464357097476732
2023-12-12,0.027150418615364852,0.009504370789930765,0.9209020451389694,0.030353635539348025,0.012089529916386873,Transitional,0.9209020451389694
2023-12-13,0.39406491884292005,0.13450394316651276,0.453882868942485,0.007201133178888015,0.010347135869194255,Transitional,0.453882868942485
2023-12-14,0.08376796004770574,0.06353483787286289,0.8066618265012087,0.028866820878232044,0.0171685546999907,Transitional,0.8066618265012087
2023-12-15,0.04332651360272556,0.03955383237471115,0.8551094853849944,0.04024802760872622,0.021762141028842708,Transitional,0.8551094853849944
2023-12-18,0.007737283045745252,0.006280046017425182,0.902899322963573,0.06619179285850989,0.016891555114746507,Transitional,0.902899322963573
2023-12-19,0.017516634081763967,0.010858033713341536,0.9082754137508129,0.044281070041337176,0.01906884841274433,Transitional,0.9082754137508129
2023-12-20,0.0789991605168037,0.029837743251885308,0.8386158638443316,0.038695442174661775,0.013851790212317678,Transitional,0.8386158638443316
2023-12-21,0.5717861772279568,0.14295931246537916,0.2649516318616863,0.007978032272250166,0.012324846172727708,Risk-On,0.5717861772279568
2023-12-22,0.7130025467332851,0.20175763999786608,0.07953840374197046,0.0010111964381381469,0.0046902130887402065,Risk-On,0.7130025467332851
2023-12-26,0.7661920414898175,0.15203415677752638,0.07952639357989484,0.00046333092052185527,0.0017840772322394102,Risk-On,0.7661920414898175
2023-12-27,0.871127093988711,0.11383821880637116,0.01474786636357045,1.0051398473130739e-05,0.0002767694428743046,Risk-On,0.871127093988711
2023-12-28,0.7355003623467622,0.17394364030068957,0.08892398060762093,0.0003980593046211518,0.0012339574403062762,Risk-On,0.7355003623467622
2023-12-29,0.750656690577285,0.17902236752302345,0.06950630847765914,0.0002071673370310381,0.0006074660850012302,Risk-On,0.750656690577285
2024-01-01,0.8161837190509794,0.13460307571371496,0.04873566695632123,0.00013626149608128287,0.00034127678290306183,Risk-On,0.8161837190509794
2024-01-02,0.8866209973299456,0.0727500565729202,0.03952338134495551,0.0005517381603117347,0.0005538265918670127,Risk-On,0.8866209973299456
2024-01-03,0.8039479261230371,0.10694160957848944,0.08520785741290941,0.0006651357138498545,0.003237471171714221,Risk-On,0.8039479261230371
2024-01-04,0.8758600612677034,0.1017929378586418,0.021313329215956838,0.00014360670756857579,0.0008900649501295484,Risk-On,0.8758600612677034
2024-01-05,0.7781432661173677,0.1423832491704049,0.07555079882009501,0.0009143797219990843,0.003008306170133416,Risk-On,0.7781432661173677
2024-01-08,0.6252815752001756,0.09880159984398634,0.2701143489644637,0.0021492251724505355,0.003653250818923931,Risk-On,0.6252815752001756
2024-01-09,0.860751262519045,0.10937093687682035,0.029129266491510368,7.502620341731212e-05,0.0006735079092070183,Risk-On,0.860751262519045
2024-01-10,0.8605218495698808,0.11031488884224169,0.028031487371652185,0.0003130857070703111,0.0008186885091549746,Risk-On,0.8605218495698808
2024-01-11,0.8706225168540837,0.07896730531135694,0.05015047458814025,0.00010878122950999006,0.00015092201690927926,Risk-On,0.8706225168540837
2024-01-12,0.8073836418945726,0.10968713591281233,0.07923309587168471,0.0008959303362441217,0.0028001959846862424,Risk-On,0.8073836418945726
2024-01-15,0.8594574792673405,0.1118073129170265,0.02819313450115663,6.7250185637276e-05,0.0004748231288390982,Risk-On,0.8594574792673405
2024-01-16,0.7693727428752765,0.11764799129475031,0.10852079951888699,0.0008512163061524309,0.003607250004933683,Risk-On,0.7693727428752765
2024-01-17,0.5649973142730874,0.10770934195414382,0.3207023791825275,0.0025693948131278984,0.0040215697771134006,Risk-On,0.5649973142730874
2024-01-18,0.888724897108519,0.07880281109613135,0.03144797833984196,0.00011572502392577582,0.0009085884315820387,Risk-On,0.888724897108519
2024-01-19,0.7090624275760876,0.22455908519475667,0.058554175146514474,0.0011543965852805398,0.006669915497360792,Risk-On,0.7090624275760876
2024-01-23,0.5369776706609924,0.09950921872328425,0.34350907224657823,0.006028017355782856,0.013976021013362221,Risk-On,0.5369776706609924
2024-01-24,0.6132730911385076,0.20112383050221724,0.16989973257252902,0.0029913792892394047,0.012711966497506725,Risk-On,0.6132730911385076
2024-01-25,0.8671205628340304,0.07019013431188459,0.062067104767521905,7.817529541327795e-05,0.000544022791149849,Risk-On,0.8671205628340304
2024-01-29,0.7424817578954964,0.20151824940410148,0.05069035411448189,0.0012579264191964186,0.004051712166723792,Risk-On,0.7424817578954964
2024-01-30,0.7243513981167365,0.18201343349986132,0.08174271776838613,0.003795793929556236,0.008096656685459787,Risk-On,0.7243513981167365
2024-01-31,0.543552097099814,0.34830524107172034,0.0909822458666555,0.0034403331489382054,0.013720082812872061,Risk-On,0.543552097099814
2024-02-01,0.6823120542313889,0.22892478731472152,0.0672387893395925,0.005136819683600762,0.016387549430696306,Risk-On,0.6823120542313889
2024-02-02,0.797255818641479,0.1847174099008176,0.01729781824228903,3.2156896230644374e-05,0.0006967963191837329,Risk-On,0.797255818641479
2024-02-05,0.7544689658661435,0.18946506623091433,0.05244062460072331,0.00046789503445749043,0.0031574482677613476,Risk-On,0.7544689658661435
2024-02-06,0.5752875459032432,0.3384285973280532,0.07454220266809107,0.0016412529758556486,0.010100401124756957,Risk-On,0.5752875459032432
2024-02-07,0.621734641037593,0.2966988956744839,0.07423083990803983,0.001372936268674612,0.005962687111208813,Risk-On,0.621734641037593
2024-02-08,0.651615121046215,0.29402023428073143,0.04112573306776763,0.002189568316995174,0.011049343288290726,Risk-On,0.651615121046215
2024-02-09,0.6433127447340562,0.29112260967952885,0.05682216621242628,0.0015222448250304067,0.007220234548958277,Risk-On,0.6433127447340562
2024-02-12,0.7007325162013934,0.2332664410558105,0.06032682771238767,0.0009500855594012298,0.004724129471007147,Risk-On,0.7007325162013934
2024-02-13,0.4746878505032665,0.36932733560183423,0.11960500940760485,0.007093176165163969,0.029286628322130515,Risk-On,0.4746878505032665
2024-02-14,0.5589760502305839,0.34043006289666133,0.08045507409865732,0.003446480452712157,0.01669233232138534,Risk-On,0.5589760502305839
2024-02-15,0.45188457386141045,0.2808426383573387,0.20396607415273016,0.016731080559217446,0.04657563306930335,Risk-On,0.45188457386141045
2024-02-16,0.6527014335219461,0.2102850766867069,0.10415556382712993,0.0053177356758073915,0.027540190288409643,Risk-On,0.6527014335219461
2024-02-19,0.8262052382231192,0.09647636010806011,0.07233964123511061,0.000905964918530448,0.004072795515179641,Risk-On,0.8262052382231192
2024-02-20,0.6688341762385466,0.17975141244000645,0.1322177522095375,0.0034691591038192617,0.01572750000809022,Risk-On,0.6688341762385466
2024-02-21,0.7047298035653383,0.14633127610977803,0.13780341391600254,0.002467309447826112,0.00866819696105501,Risk-On,0.7047298035653383
2024-02-22,0.8367736275122394,0.10285370063301597,0.05624041201406084,0.0016831488069123373,0.0024491110337714417,Risk-On,0.8367736275122394
2024-02-23,0.5738974047807839,0.18645707869834893,0.20203577235850262,0.00986474927518568,0.027744994887178954,Risk-On,0.5738974047807839
2024-02-26,0.7175857778115069,0.17105952026958715,0.09883120819430327,0.0024702963292929448,0.01005319739530974,Risk-On,0.7175857778115069
2024-02-27,0.6742624806553149,0.21289537255845672,0.08856936727970761,0.005039271197322634,0.019233508309198222,Risk-On,0.6742624806553149
2024-02-28,0.48059691472563687,0.16401769579569592,0.31360143092862103,0.005751181150706541,0.03603277739933963,Risk-On,0.48059691472563687
2024-02-29,0.007369020600353738,0.004213999999235029,0.9286977612651596,0.006819127676203894,0.0529000904590479,Transitional,0.9286977612651596
2024-03-01,0.08423522053270881,0.03503031859495466,0.809458611478403,0.010999567518605532,0.06027628187532801,Transitional,0.809458611478403
2024-03-04,0.044736900511442745,0.015730093533572662,0.8317284112216964,0.02343154557965232,0.08437304915363593,Transitional,0.8317284112216964
2024-03-05,0.08857859712395406,0.03393134756706831,0.7450848048658503,0.03789141737573006,0.0945138330673973,Transitional,0.7450848048658503
2024-03-06,0.005502788797721174,0.0035970013091866787,0.8915257740012797,0.047630512515202617,0.05174392337660987,Transitional,0.8915257740012797
2024-03-07,0.025774271480469003,0.017819691658315772,0.7683000588669396,0.07972940170677265,0.10837657628750273,Transitional,0.7683000588669396
2024-03-11,0.0040608808315115335,0.0013898303798755124,0.9420135121693515,0.01821658944147067,0.034319187177790714,Transitional,0.9420135121693515
2024-03-12,0.023848956290392395,0.01064559096199583,0.8284498265420711,0.03804796207978523,0.09900766412575555,Transitional,0.8284498265420711
2024-03-13,0.0034659205600020334,0.000982162435152268,0.9378857977606387,0.029272857171484198,0.028393262072722785,Transitional,0.9378857977606387
2024-03-14,0.029169104212016454,0.014020090222042366,0.8442321658737107,0.03933042133645191,0.07324821835577837,Transitional,0.8442321658737107
2024-03-15,0.008928877455419124,0.004723941779677657,0.8857767072848897,0.03285178877539555,0.0677186847046181,Transitional,0.8857767072848897
2024-03-18,0.05289688728381294,0.03642221849011691,0.7118081826476198,0.09050368854531991,0.10836902303313051,Transitional,0.7118081826476198
2024-03-19,0.0255677861892713,0.009810098051998272,0.884506141922789,0.02895250694062462,0.05116346689531698,Transitional,0.884506141922789
2024-03-20,0.0247172078475273,0.0120964769148581,0.4724681177872149,0.10799041443582828,0.38272778301457144,Transitional,0.4724681177872149
2024-03-21,0.014660233039773773,0.004527873625980152,0.8274115485706168,0.06625046540745629,0.087149879356173,Transitional,0.8274115485706168
2024-03-22,0.016366035589321246,0.0181632176636246,0.650027641473283,0.1685853048804647,0.1468578003933065,Transitional,0.650027641473283
2024-03-26,0.15344949760955476,0.07606464062673886,0.6360914292208214,0.07042034620796415,0.063974086334921,Transitional,0.6360914292208214
2024-03-27,0.036437869330935825,0.018533623596332177,0.8249279958075615,0.07728788975498248,0.042812621510188026,Transitional,0.8249279958075615
2024-03-28,0.006516604498896261,0.0033305849421348763,0.9011876304912214,0.07000930467522415,0.018955875392523323,Transitional,0.9011876304912214
2024-04-01,0.19416752130098366,0.11270031385122586,0.6031971457099772,0.04809323367262717,0.041841785465186083,Transitional,0.6031971457099772
2024-04-02,0.015549815963903424,0.010563246299489817,0.9086590456606308,0.051019545316166336,0.014208346759809514,Transitional,0.9086590456606308
2024-04-03,0.04298961712610402,0.03376030989824446,0.8000276881253465,0.089835474029412,0.03338691082089311,Transitional,0.8000276881253465
2024-04-04,0.026997736550570608,0.01296496541714783,0.8864511514283205,0.041966329998136195,0.03161981660582475,Transitional,0.8864511514283205
2024-04-05,0.030012000062550476,0.025235488072762977,0.827615796018614,0.07359484387039718,0.04354187197567533,Transitional,0.827615796018614
2024-04-08,0.16134463180253444,0.10205587929149396,0.6252100738047052,0.05325242554566102,0.058136989555605326,Transitional,0.6252100738047052
2024-04-09,0.016370920007452654,0.012917389247077237,0.914816748389371,0.026204451141174652,0.02969049121492456,Transitional,0.914816748389371
2024-04-10,0.023355086009985097,0.01012624994884437,0.9309727902535574,0.018554039328928962,0.01699183445868426,Transitional,0.9309727902535574
2024-04-12,0.04324066240961424,0.016795850943072635,0.8755587363469741,0.034711034924280494,0.02969371537605856,Transitional,0.8755587363469741
2024-04-15,0.011852781809774253,0.007755353105647097,0.8207599514164199,0.08510968719680637,0.0745222264713524,Transitional,0.8207599514164199
2024-04-16,0.01550874057871365,0.009947052856121593,0.8611949302352643,0.036374816083475085,0.07697446024642551,Transitional,0.8611949302352643
2024-04-18,0.026139690287835228,0.03294127698597719,0.7022197723194811,0.06500391471932304,0.17369534568738357,Transitional,0.7022197723194811
2024-04-19,0.04957699281511191,0.03722584540478932,0.7613566442915215,0.04016649121643275,0.11167402627214444,Transitional,0.7613566442915215
2024-04-22,0.04442035495023533,0.03598765290254627,0.7562592587509307,0.05978289876139133,0.10354983463489642,Transitional,0.7562592587509307
2024-04-23,0.007951695956402332,0.007238226063249164,0.7370307456614922,0.12104929532836442,0.12673003699049193,Transitional,0.7370307456614922
2024-04-24,0.08969828050016435,0.03880191753976912,0.759397053067947,0.04604688661539954,0.06605586227672004,Transitional,0.759397053067947
2024-04-25,0.016215783107236613,0.011135474392647,0.8192314224244805,0.08502400529450999,0.06839331478112579,Transitional,0.8192314224244805
2024-04-26,0.01718839993860921,0.0061062845330878265,0.9092164103058432,0.04378904567079333,0.023699859551666445,Transitional,0.9092164103058432
2024-04-29,0.024309866740719763,0.011743175547607362,0.8441899581985176,0.06529684573266191,0.0544601537804932,Transitional,0.8441899581985176
2024-04-30,0.104983311441483,0.023941447417943525,0.8273360307785078,0.019143305662489427,0.02459590469957607,Transitional,0.8273360307785078
2024-05-02,0.06768734906481387,0.022525245395550585,0.8283540618343578,0.034575705269300025,0.04685763843597783,Transitional,0.8283540618343578
2024-05-03,0.015260469198613154,0.0035564439039289094,0.962503066214953,0.009805373344514805,0.008874647337990186,Transitional,0.962503066214953
2024-05-06,0.05906356946937566,0.009257671567425208,0.9101508364424814,0.007221453421959091,0.014306469098758687,Transitional,0.9101508364424814
2024-05-07,0.0059901926046727234,0.0015445499797003012,0.9454161125167323,0.014456032648952821,0.03259311224994192,Transitional,0.9454161125167323
2024-05-08,0.016075198305901397,0.0034403003165540554,0.9123928963430843,0.01682618288769721,0.05126542214676311,Transitional,0.9123928963430843
2024-05-09,0.01725949263827849,0.0026429985914860157,0.9599396217955697,0.00769075005195267,0.012467136922713147,Transitional,0.9599396217955697
2024-05-10,0.02144603423881777,0.006187170191568492,0.9117227896240522,0.021643877570622375,0.03900012837493919,Transitional,0.9117227896240522
2024-05-13,0.014508168970802265,0.0019233859592628624,0.9130340382971527,0.011508454593155583,0.059025952179626535,Transitional,0.9130340382971527
2024-05-14,0.021588522105562905,0.007754727224224561,0.84815661935874,0.029451103253474057,0.09304902805799846,Transitional,0.84815661935874
2024-05-15,0.001986716119609755,0.0006031176951620176,0.9747179987716453,0.006198913434404906,0.016493253979177988,Transitional,0.9747179987716453
2024-05-16,0.08483073190324415,0.010354041564311118,0.8726011057590158,0.009319620998382346,0.022894499775046505,Transitional,0.8726011057590158
2024-05-17,0.007542212149090131,0.002850988050618804,0.8523290996867932,0.03656439240085366,0.10071330771264428,Transitional,0.8523290996867932
2024-05-21,0.026641227983691573,0.009181212724194525,0.9132069973560445,0.02255995696021768,0.028410604975851676,Transitional,0.9132069973560445
2024-05-22,0.031404171179989546,0.005516059441436978,0.9368606197527962,0.011460186094781439,0.01475896353099598,Transitional,0.9368606197527962
2024-05-23,0.08475732078572565,0.031141177630556946,0.8075049785275847,0.029502142077068205,0.04709438097906445,Transitional,0.8075049785275847
2024-05-24,0.11961509351850251,0.018126262254043617,0.847334324524947,0.006905694433210422,0.008018625269296531,Transitional,0.847334324524947
2024-05-27,0.09466903690670808,0.01639799322670122,0.8669859679939862,0.009409464571955649,0.012537537300648835,Transitional,0.8669859679939862
2024-05-28,0.05674097737361719,0.012553926669583212,0.9145163175730276,0.008425489077874417,0.0077632893058976,Transitional,0.9145163175730276
2024-05-29,0.011114911921530192,0.008262008468862206,0.9167150423574403,0.033960696255712956,0.02994734099645439,Transitional,0.9167150423574403
2024-05-30,0.037520633848810214,0.019737328989600265,0.8892974471485553,0.022771386278171105,0.03067320373486313,Transitional,0.8892974471485553
2024-05-31,0.2507376546602595,0.0889004679472372,0.6156070444445333,0.017701998114294713,0.02705283483367534,Transitional,0.6156070444445333
2024-06-03,0.14806743956354446,0.1514291065074392,0.650833663508839,0.02000495846374019,0.029664831956437262,Transitional,0.650833663508839
2024-06-04,0.043075309126238,0.02410724826529104,0.81447683230993,0.06982602151144768,0.04851458878709341,Transitional,0.81447683230993
2024-06-05,0.048515074701514005,0.07986721989239254,0.6788153390794459,0.12743467923264107,0.06536768709400644,Transitional,0.6788153390794459
2024-06-06,0.03855079678378484,0.050447183106913346,0.6585483632834468,0.19220587759692737,0.060247779228927795,Transitional,0.6585483632834468
2024-06-07,0.007078307217575699,0.023932280532775414,0.7371719236338502,0.21432365428379793,0.017493834332000722,Transitional,0.7371719236338502
2024-06-10,0.02277916500659886,0.022627474670515086,0.7993252775775739,0.12287303592964423,0.032395046815668044,Transitional,0.7993252775775739
2024-06-11,0.0027929560239028203,0.00600372074922517,0.7674003178872618,0.2067801785921993,0.017022826747410912,Transitional,0.7674003178872618
2024-06-12,0.08883943448526842,0.17358691043173793,0.6291408030711707,0.0864918767646832,0.02194097524713982,Transitional,0.6291408030711707
2024-06-13,0.044822577591960046,0.07975040060537456,0.6318680999007109,0.20986710098902397,0.03369182091293057,Transitional,0.6318680999007109
2024-06-14,0.02370537984881078,0.024527983528306707,0.6352668036971131,0.2738375730865635,0.042662259839205977,Transitional,0.6352668036971131
2024-06-18,0.019161860036460993,0.044209123274804064,0.6873006702410942,0.22740490502615984,0.021923441421480734,Transitional,0.6873006702410942
2024-06-19,0.010555390976713248,0.011560778671217227,0.7092207500220284,0.24251055742174457,0.02615252290829642,Transitional,0.7092207500220284
2024-06-20,0.28934357066603206,0.33996583080535125,0.33535399440064584,0.02422208678362463,0.01111451734434627,Late-Cycle,0.33996583080535125
2024-06-21,0.017011801260322132,0.021908609039187236,0.6899739156452351,0.23184292466815742,0.03926274938709811,Transitional,0.6899739156452351
2024-06-24,0.00885579337107451,0.019420421896070992,0.8768884869134653,0.08790649852939844,0.006928799289990772,Transitional,0.8768884869134653
2024-06-25,0.04085237093957358,0.0507256830434805,0.7854987075214639,0.09453331649615121,0.02838992199933089,Transitional,0.7854987075214639
2024-06-26,0.4972409186530571,0.3503577269443641,0.13170968730106813,0.01005135957064849,0.01064030753086224,Risk-On,0.4972409186530571
2024-06-27,0.4582207561524552,0.3553529311261474,0.16067851995772267,0.00892486831033153,0.01682292445334305,Risk-On,0.4582207561524552
2024-06-28,0.0652840827707212,0.05080902669690392,0.6631629912341263,0.17993088038407565,0.040813018914173015,Transitional,0.6631629912341263
2024-07-01,0.27420308226379997,0.27160411587475447,0.36638679403206253,0.0463091412677086,0.04149686656167452,Transitional,0.36638679403206253
2024-07-02,0.026773295265903514,0.013369079654346668,0.8505709213629447,0.08929315229206677,0.019993551424738312,Transitional,0.8505709213629447
2024-07-03,0.6171231622971111,0.23957998504887826,0.11414034016339952,0.004014193524562778,0.025142318966048363,Risk-On,0.6171231622971111
2024-07-04,0.03811175141078576,0.01989858329766301,0.9169335381237255,0.016993010247037182,0.008063116920788696,Transitional,0.9169335381237255
2024-07-05,0.28876930849944826,0.12411488258525537,0.553117220366799,0.01741013209289446,0.016588456455602987,Transitional,0.553117220366799
2024-07-08,0.07631919032184903,0.03991190207356772,0.8267227057189072,0.03608943464047999,0.020956767245196184,Transitional,0.8267227057189072
2024-07-09,0.10525555249554719,0.0751168067768544,0.7135183058669402,0.06272363569253318,0.04338569916812511,Transitional,0.7135183058669402
2024-07-10,0.009667975605391175,0.004521446198301908,0.9511011070756933,0.02565782238756519,0.009051648733048527,Transitional,0.9511011070756933
2024-07-11,0.05763575582345222,0.04052971118462654,0.7840939768543017,0.08025649524935326,0.03748406088826622,Transitional,0.7840939768543017
2024-07-12,0.4047889857981552,0.17934148120101395,0.35811733403411505,0.02535548565391169,0.03239671331280418,Risk-On,0.4047889857981552
2024-07-15,0.32928835682894453,0.1884529747215516,0.45147319711679984,0.017165045194347046,0.013620426138357117,Transitional,0.45147319711679984
2024-07-16,0.3202709957025013,0.32015799899483544,0.33684970508253537,0.011587711991266923,0.011133588228860977,Transitional,0.33684970508253537
2024-07-18,0.2659185469230016,0.3251101063341258,0.36707001693998564,0.021900413932761063,0.020000915870125823,Transitional,0.36707001693998564
2024-07-19,0.17816516743228114,0.11761987496485721,0.6303533608376276,0.04211692070726701,0.03174467605796703,Transitional,0.6303533608376276
2024-07-22,0.286407449885198,0.211930827184489,0.4101276167457072,0.044051080479703436,0.047483025704902274,Transitional,0.4101276167457072
2024-07-23,0.3254551417467427,0.27589269597707844,0.32834754491445933,0.03586301357672013,0.034441603784999414,Transitional,0.32834754491445933
2024-07-24,0.3528196984548079,0.20023258713450892,0.3992881030075137,0.01334350451177294,0.03431610689139657,Transitional,0.3992881030075137
2024-07-25,0.6076152550871211,0.17847561727276015,0.1873356754307726,0.004882762049941393,0.02169069015940478,Risk-On,0.6076152550871211
2024-07-26,0.32408706108413327,0.20992826966568193,0.3957364988600203,0.03157541623035172,0.038672754159812715,Transitional,0.3957364988600203
2024-07-29,0.48499597132893,0.27432925927219026,0.20791776397447528,0.010836874983165955,0.021920130441238618,Risk-On,0.48499597132893
2024-07-30,0.4560457659797538,0.26458764270603696,0.22943974202074593,0.025585212859854604,0.02434163643360867,Risk-On,0.4560457659797538
2024-07-31,0.6411993533849835,0.18201362135519905,0.15935923000984178,0.005865631500553785,0.011562163749421985,Risk-On,0.6411993533849835
2024-08-01,0.7319612902869814,0.11874122459789627,0.13199929681897124,0.004162562235272294,0.013135626060878723,Risk-On,0.7319612902869814
2024-08-02,0.3796069187488336,0.09838808408489554,0.48358717026253994,0.011665120192651,0.026752706711079956,Transitional,0.48358717026253994
2024-08-05,0.031843565541194004,0.004312220260101788,0.9053176366252355,0.02182823310670233,0.03669834446676641,Transitional,0.9053176366252355
2024-08-06,0.21349239051721391,0.06023452604909475,0.5682849239612715,0.035910500142229504,0.12207765933019023,Transitional,0.5682849239612715
2024-08-07,0.5648356061484551,0.24627618421607786,0.15041833214014633,0.007975472262768929,0.03049440523255187,Risk-On,0.5648356061484551
2024-08-08,0.49877101618296665,0.18983044182868575,0.24603987133740252,0.012779182574454734,0.052579488076490336,Risk-On,0.49877101618296665
2024-08-09,0.5983857313431418,0.26781824678928984,0.11071320815880518,0.005611383720513729,0.01747142998824954,Risk-On,0.5983857313431418
2024-08-12,0.3670375561834025,0.3025891053781271,0.20153129988802646,0.05239834226298776,0.0764436962874562,Risk-On,0.3670375561834025
2024-08-13,0.02904826696380579,0.02286871114119239,0.81377963270895,0.04500773784006304,0.08929565134598873,Transitional,0.81377963270895
2024-08-14,0.1720170122115291,0.12453504853442267,0.4695624886483597,0.10590716664974607,0.12797828395594243,Transitional,0.4695624886483597
2024-08-16,0.6500786894941087,0.2901975799522874,0.04318402116763817,0.009569286300093537,0.006970423085872085,Risk-On,0.6500786894941087
2024-08-19,0.5981997926659469,0.26893272595038026,0.09777892893788587,0.013389405591210842,0.021699146854576187,Risk-On,0.5981997926659469
2024-08-20,0.03831020919583219,0.02561858216984257,0.8006094630698912,0.06773499812678867,0.06772674743764541,Transitional,0.8006094630698912
2024-08-21,0.221733365738184,0.30277279469340534,0.3723504441366066,0.08127075160939992,0.021872643822404097,Transitional,0.3723504441366066
2024-08-22,0.4344259322704802,0.441970254984459,0.09700986988239947,0.016284014115865008,0.01030992874679636,Late-Cycle,0.441970254984459
2024-08-23,0.7604417821369521,0.1886204231946996,0.04364899669259452,0.0019293752051115563,0.005359422770642144,Risk-On,0.7604417821369521
2024-08-26,0.49636502503978497,0.3548784486791696,0.0994556202568003,0.028941806674159073,0.02035909935008607,Risk-On,0.49636502503978497
2024-08-27,0.3443831951276031,0.42259602972614857,0.1830000154977532,0.031755589356981584,0.018265170291513397,Late-Cycle,0.42259602972614857
2024-08-28,0.7088571452026291,0.25167051184709616,0.03210737613668706,0.0032412713435872914,0.004123695470000402,Risk-On,0.7088571452026291
2024-08-29,0.6650115063999353,0.2775760412297245,0.04612250566483758,0.0035298092301482282,0.007760137475354323,Risk-On,0.6650115063999353
2024-08-30,0.6923291540044548,0.26477045659144366,0.03617447879411311,0.001837703413370261,0.004888207196618218,Risk-On,0.6923291540044548
2024-09-02,0.6091928045041924,0.31830944804565453,0.04502937914191599,0.009668219430201052,0.017800148878036107,Risk-On,0.6091928045041924
2024-09-03,0.5794064900210546,0.26830775804728646,0.10418751936698283,0.015784140303740438,0.03231409226093572,Risk-On,0.5794064900210546
2024-09-04,0.6969618465199688,0.260694629808237,0.036681064935227936,0.0013160923149437534,0.004346366421622549,Risk-On,0.6969618465199688
2024-09-05,0.7603948203085978,0.18085729562326774,0.05074805173824879,0.001856362483118886,0.0061434698467667265,Risk-On,0.7603948203085978
2024-09-06,0.01979298521718816,0.010362824030167335,0.892065593921911,0.01565982907571042,0.062118767755023035,Transitional,0.892065593921911
2024-09-09,0.006096938974548106,0.0038400321679254107,0.9145427339333595,0.012622999752388406,0.06289729517177861,Transitional,0.9145427339333595
2024-09-10,0.012116324926515534,0.005460391239455255,0.8862145196142738,0.023349045080135356,0.0728597191396201,Transitional,0.8862145196142738
2024-09-11,0.011894768693450157,0.00445621822640872,0.9361823844540078,0.01630992888702686,0.031156699739106383,Transitional,0.9361823844540078
2024-09-12,0.0514500545720905,0.03925365951764249,0.8081360316363787,0.03400535383540962,0.06715490043847874,Transitional,0.8081360316363787
2024-09-13,0.02396149119359321,0.008253249571379663,0.9241445541588661,0.015527610469505099,0.028113094606655967,Transitional,0.9241445541588661
2024-09-16,0.0011407557456705546,0.0003119142831987082,0.9574933394663078,0.00956937351543494,0.031484616989388065,Transitional,0.9574933394663078
2024-09-17,0.27643762819606915,0.06764747919599201,0.5615747134797052,0.029748952229148955,0.06459122689908475,Transitional,0.5615747134797052
2024-09-18,0.03823654662221929,0.012988151143322137,0.8733674216188556,0.02460556783143575,0.05080231278416728,Transitional,0.8733674216188556
2024-09-19,0.04650790728021399,0.022895410746670515,0.7999517860035884,0.036794222087052623,0.09385067388247444,Transitional,0.7999517860035884
2024-09-20,0.7265212096541835,0.16578817677240393,0.09976785064166435,0.0037817341026482073,0.00414102882909998,Risk-On,0.7265212096541835
2024-09-23,0.011543057422334418,0.0054376050485192675,0.9156952252275626,0.027493569790911436,0.039830542510672244,Transitional,0.9156952252275626
2024-09-24,0.6420440545991098,0.13969918296954373,0.1920532454914717,0.011478425379664495,0.014725091560210297,Risk-On,0.6420440545991098
2024-09-25,0.0695971446003913,0.027182820577422984,0.8305666389461226,0.024180210123657765,0.048473185752405314,Transitional,0.8305666389461226
2024-09-26,0.7404411276091163,0.22126311879400928,0.032345265009376054,0.0012509373603456911,0.00469955122715272,Risk-On,0.7404411276091163
2024-09-27,0.18501333855795085,0.08055468531459219,0.6486457550887224,0.04205642352494899,0.04372979751378571,Transitional,0.6486457550887224
2024-09-30,0.006078320838547382,0.0028048497483924417,0.9545501349167038,0.021693907840639605,0.014872786655716784,Transitional,0.9545501349167038
2024-10-01,0.02955386882413484,0.010701952216226458,0.9107398616453918,0.020579355003871376,0.02842496231037547,Transitional,0.9107398616453918
2024-10-03,0.007222553274920003,0.0021958021386639308,0.967114636516265,0.015519533494240038,0.00794747457591104,Transitional,0.967114636516265
2024-10-04,0.018065645318393678,0.006735578216747553,0.923137455549448,0.018971117324335235,0.03309020359107557,Transitional,0.923137455549448
2024-10-07,0.004874553178995016,0.0008398349497182982,0.9569948486444373,0.010415780668945067,0.02687498255790421,Transitional,0.9569948486444373
2024-10-08,0.016177581790295905,0.004495136234949791,0.8361826587603877,0.031458993235618335,0.1116856299787483,Transitional,0.8361826587603877
2024-10-09,0.014425513800209176,0.006871794597586921,0.9089897204478408,0.0242008249657264,0.04551214618863674,Transitional,0.9089897204478408
2024-10-10,0.23074267769658235,0.07128657164771383,0.6226094610806789,0.03066947945013728,0.04469181012488755,Transitional,0.6226094610806789
2024-10-11,0.08259096069734113,0.027942534762788553,0.7485256606703696,0.05513006311876164,0.08581078075073909,Transitional,0.7485256606703696
2024-10-14,0.03805541203402118,0.013804682325633621,0.8102112310788671,0.0581952756773769,0.07973339888410122,Transitional,0.8102112310788671
2024-10-15,0.01051714474436107,0.0019540570169924443,0.909993879293159,0.02966668089637461,0.04786823804911293,Transitional,0.909993879293159
2024-10-16,0.00590070432219581,0.0010730233396719759,0.8735719207621182,0.029840116985381044,0.08961423459063299,Transitional,0.8735719207621182
2024-10-17,0.02378010381336387,0.008324544438265573,0.9044168303337786,0.03270283632806031,0.030775685086531755,Transitional,0.9044168303337786
2024-10-18,0.04638453370906381,0.01448223053404993,0.8751577344318623,0.039284347463221056,0.024691153861802796,Transitional,0.8751577344318623
2024-10-21,0.09315118146606734,0.03181559079556441,0.7987827862943719,0.03957761862812442,0.03667282281587192,Transitional,0.7987827862943719
2024-10-22,0.004492533636236571,0.0011996851486630743,0.9212577501783497,0.022502714564569263,0.05054731647218125,Transitional,0.9212577501783497
2024-10-23,0.017878717359418452,0.005285947914431413,0.8582058753363992,0.02904408543220262,0.08958537395754827,Transitional,0.8582058753363992
2024-10-24,0.0016729926924355584,0.00023040281220667265,0.8020699549002805,0.02306343594539584,0.17296321364968145,Transitional,0.8020699549002805
2024-10-25,0.02637205597400068,0.011559453208822873,0.8839329517934571,0.039527623578273004,0.03860791544544643,Transitional,0.8839329517934571
2024-10-28,0.003393311207297995,0.0011502620674486664,0.9072700244064617,0.01462769751666713,0.07355870480212467,Transitional,0.9072700244064617
2024-10-29,0.004882868576574797,0.0019202505979260918,0.8330768621897329,0.02671668701396357,0.1334033316218026,Transitional,0.8330768621897329
2024-10-30,0.009453054398990031,0.002804550750960745,0.9445237802313161,0.020461399667772287,0.022757214950960857,Transitional,0.9445237802313161
2024-10-31,0.008696343506798468,0.003033546919594666,0.8905997878683789,0.032753586173037336,0.06491673553219056,Transitional,0.8905997878683789
2024-11-01,0.00529267417231937,0.0013682493754018747,0.8861570061633077,0.039498299305945665,0.06768377098302535,Transitional,0.8861570061633077
2024-11-04,0.02027961403204983,0.004865900290410281,0.9064075412175694,0.026258372873757506,0.0421885715862129,Transitional,0.9064075412175694
2024-11-05,0.010865496125487742,0.005068107988421456,0.8030143953069808,0.03993774916672143,0.1411142514123885,Transitional,0.8030143953069808
2024-11-06,0.010019359287527107,0.003916242425429522,0.8635568388421209,0.039262639292722515,0.08324492015220004,Transitional,0.8635568388421209
2024-11-07,0.0045110790030067505,0.0015787929326129518,0.8912052245244196,0.03614792494603975,0.06655697859392093,Transitional,0.8912052245244196
2024-11-08,0.014041115708796018,0.007751202743073851,0.9229167067470513,0.02810121632149924,0.027189758479579648,Transitional,0.9229167067470513
2024-11-11,0.04466018731159094,0.016384958386740433,0.8673258674720205,0.024321359261769874,0.04730762756787818,Transitional,0.8673258674720205
2024-11-12,0.02118271676783154,0.008930012053295664,0.8886408134371706,0.030892724091169273,0.05035373365053276,Transitional,0.8886408134371706
2024-11-13,0.007502014686837712,0.002890206225762564,0.8786753084381577,0.02012504584171264,0.09080742480752943,Transitional,0.8786753084381577
2024-11-14,0.025261060654804747,0.018799857621044552,0.8605654714819481,0.022935059213210797,0.07243855102899174,Transitional,0.8605654714819481
2024-11-18,0.012079143967322669,0.00838629335178086,0.82939680117049,0.03746854359177771,0.11266921791862859,Transitional,0.82939680117049
2024-11-19,0.014304983454996048,0.007788347419737692,0.8348435037621643,0.03025592087183953,0.11280724449126253,Transitional,0.8348435037621643
2024-11-21,0.006525351250517974,0.004050171505726936,0.9457093651230404,0.014877825815517751,0.028837286305196948,Transitional,0.9457093651230404
2024-11-22,0.014812814202872398,0.01035645422834879,0.8718496314553857,0.047040981481731185,0.05594011863166203,Transitional,0.8718496314553857
2024-11-25,0.009592298870134729,0.004461308406845582,0.8843172070643414,0.045883021563926055,0.0557461640947522,Transitional,0.8843172070643414
2024-11-26,0.004162704629475771,0.0017618240784296338,0.7781159659385782,0.09979627504019253,0.1161632303133239,Transitional,0.7781159659385782
2024-11-27,0.004931265686831874,0.002890827756722803,0.9091622177625595,0.044787423597695594,0.03822826519619037,Transitional,0.9091622177625595
2024-11-28,0.008819846051691579,0.0025138453890737886,0.8879213257866676,0.04385995950759872,0.056885023264968367,Transitional,0.8879213257866676
2024-11-29,0.010353359805257457,0.009850521703074175,0.8630757855031873,0.048599712464705666,0.06812062052377545,Transitional,0.8630757855031873
2024-12-02,0.0541933524473359,0.04461078849753661,0.7525685956963085,0.06977580840009143,0.07885145495872764,Transitional,0.7525685956963085
2024-12-03,0.014482649386794156,0.014270437535702283,0.8583258711541674,0.0451361955939819,0.06778484632935435,Transitional,0.8583258711541674
2024-12-04,0.011050326747555432,0.007416825108903459,0.8512550487935218,0.04938662375011419,0.08089117559990523,Transitional,0.8512550487935218
2024-12-05,0.014078492974200848,0.012239135944299987,0.8377340483005717,0.054485029364250606,0.0814632934166768,Transitional,0.8377340483005717
2024-12-06,0.07249468451472435,0.0346493563581719,0.8004894713477737,0.04629822406976958,0.04606826370956036,Transitional,0.8004894713477737
2024-12-09,0.0059855923882701015,0.004234158544593744,0.9068425105797701,0.029258261552781245,0.05367947693458489,Transitional,0.9068425105797701
2024-12-10,0.009380119787263018,0.0041060645830108934,0.8547278434247663,0.06060098164076655,0.07118499056419332,Transitional,0.8547278434247663
2024-12-11,0.012537277678299905,0.007048791143324069,0.7714102040405635,0.08336055094649739,0.12564317619131515,Transitional,0.7714102040405635
2024-12-12,0.0058418393342748514,0.005349654326452738,0.9008345166912025,0.029807031035890823,0.05816695861217916,Transitional,0.9008345166912025
2024-12-13,0.0054543469469441165,0.0035075593369669864,0.8470014485067063,0.040798274915423566,0.10323837029395887,Transitional,0.8470014485067063
2024-12-16,0.05879910140111712,0.024708611839465214,0.8046380965867352,0.03909984555787593,0.07275434461480652,Transitional,0.8046380965867352
2024-12-17,0.010488899163254328,0.008961574339928745,0.9290382984995865,0.016844003774046292,0.0346672242231841,Transitional,0.9290382984995865
2024-12-18,0.058959686887021794,0.037567213385461214,0.7922937256148052,0.05219992724638309,0.05897944686632869,Transitional,0.7922937256148052
2024-12-19,0.020958512896308252,0.013223197792954106,0.7665867112846759,0.054653359180159795,0.14457821884590194,Transitional,0.7665867112846759
2024-12-20,0.011554483031805663,0.0026183352303212662,0.39169533810191537,0.03260659993081146,0.5615252437051462,Risk-Off,0.5615252437051462
2024-12-23,0.012835978555517692,0.006013411132196933,0.4477931520558431,0.09259435567103581,0.44076310258540663,Transitional,0.4477931520558431
2024-12-24,0.006859712646303895,0.005153474979756351,0.4207136927667405,0.05333282960388759,0.5139402900033117,Risk-Off,0.5139402900033117
2024-12-26,0.008919106333896388,0.002213133603675109,0.36055485534281634,0.049275831690558,0.5790370730290542,Risk-Off,0.5790370730290542
2024-12-27,0.0471620550220797,0.052582346851389294,0.8009241383308954,0.058918675221823695,0.04041278457381193,Transitional,0.8009241383308954
2024-12-30,0.009914412957883235,0.01024643391172967,0.3270531973849134,0.11522560606491226,0.5375603496805615,Risk-Off,0.5375603496805615
2024-12-31,0.03519199122934227,0.03409421497758973,0.6201545128861831,0.08711689581205642,0.22344238509482853,Transitional,0.6201545128861831
2025-01-01,0.006665655602725695,0.005852550764865276,0.8661823779457636,0.040335266223039665,0.08096414946360582,Transitional,0.8661823779457636
2025-01-02,0.023108891463500387,0.038713189170310615,0.7494535886213934,0.10598551295533795,0.08273881778945766,Transitional,0.7494535886213934
2025-01-03,0.040184714067848015,0.020454582468984087,0.8264948858389487,0.05383212766927123,0.059033689954948,Transitional,0.8264948858389487
2025-01-06,0.08046167003684605,0.048099428207449786,0.7686743058570501,0.06618324579563635,0.03658135010301777,Transitional,0.7686743058570501
2025-01-07,0.006641725602111185,0.008231565504353435,0.8758622788049659,0.060439987697846094,0.048824442390723394,Transitional,0.8758622788049659
2025-01-08,0.05446630767245772,0.03984931819961021,0.4153942162145662,0.14306157934784478,0.347228578565521,Transitional,0.4153942162145662
2025-01-09,0.018855756043773632,0.011272099942674738,0.9187575215742617,0.02031729599273127,0.030797326446558523,Transitional,0.9187575215742617
2025-01-10,0.03441762001824564,0.012005843917111809,0.7826142986731977,0.03663767941529227,0.13432455797615267,Transitional,0.7826142986731977
2025-01-13,0.036277012443909164,0.016831884745964885,0.834170666849843,0.05652418894916026,0.056196247011122684,Transitional,0.834170666849843
2025-01-14,0.024522265835206735,0.029646571729423157,0.8762650021529705,0.056141883400034696,0.013424276882364888,Transitional,0.8762650021529705
2025-01-15,0.007109545362295916,0.006882136098467604,0.9339454366669997,0.03531621263202174,0.016746669240214968,Transitional,0.9339454366669997
2025-01-16,0.09099885002787014,0.0478984066863564,0.5833975662411411,0.08792453183085056,0.18978064521378182,Transitional,0.5833975662411411
2025-01-17,0.0037689458926865385,0.004410056287307324,0.9285717319711253,0.04602312687308915,0.017226138975791633,Transitional,0.9285717319711253
2025-01-20,0.055510006196689235,0.02628736217355865,0.6007287706616282,0.12997477432026844,0.18749908664785547,Transitional,0.6007287706616282
2025-01-21,0.002154829938086407,0.0011203673059084708,0.9507029640027643,0.024349780062003477,0.021672058691237363,Transitional,0.9507029640027643
2025-01-22,0.05746280299887055,0.04707896274283201,0.8458262686241956,0.03468000339228587,0.014951962241816025,Transitional,0.8458262686241956
2025-01-23,0.012765857693957544,0.009133192995487701,0.9133535690442126,0.03992798893036665,0.024819391335975518,Transitional,0.9133535690442126
2025-01-24,0.007377723829192208,0.003491616236131777,0.9685906098000822,0.01696288624885982,0.003577163885734081,Transitional,0.9685906098000822
2025-01-27,0.06807106138067272,0.02702936621055685,0.7121348116185887,0.07710900337933876,0.11565575741084304,Transitional,0.7121348116185887
2025-01-28,0.0008999279445086022,0.0012198411512772721,0.9858238425418515,0.008322381096504674,0.0037340072658580167,Transitional,0.9858238425418515
2025-01-29,0.03567160463091712,0.026903631145914715,0.6353332499943379,0.11830592967776954,0.1837855845510607,Transitional,0.6353332499943379
2025-01-30,0.09019507067684665,0.03655766516361888,0.5226690341414046,0.09252261404690662,0.2580556159712232,Transitional,0.5226690341414046
2025-01-31,0.03102381013329995,0.015244091793992874,0.5789121504166788,0.11886836870404333,0.2559515789519851,Transitional,0.5789121504166788
2025-02-01,0.14141246003416982,0.03061882776252601,0.7963514506890339,0.023935005269615985,0.007682256244654264,Transitional,0.7963514506890339
2025-02-03,0.04376762367541055,0.02039338628638795,0.8165780507613731,0.0754125749139168,0.043848364362911584,Transitional,0.8165780507613731
2025-02-04,0.010619390147823366,0.006523389344225828,0.7681477324596624,0.12833641176704147,0.08637307628124696,Transitional,0.7681477324596624
2025-02-05,0.006928865281070829,0.0058627678927657585,0.9035845930335686,0.06171741168660003,0.021906362105994743,Transitional,0.9035845930335686
2025-02-06,0.03539474812163734,0.009176259257600978,0.7431014819586494,0.11629969641159893,0.09602781425051331,Transitional,0.7431014819586494
2025-02-07,0.049259380590576676,0.07195777969279196,0.6996576185814624,0.09590684003730045,0.08321838109786864,Transitional,0.6996576185814624
2025-02-10,0.16382767859910796,0.05137161804787654,0.7245581703663444,0.03432366889756066,0.025918864089110486,Transitional,0.7245581703663444
2025-02-11,0.02178576422821291,0.006279443215144972,0.9088935280016859,0.04623590010263455,0.01680536445232176,Transitional,0.9088935280016859
2025-02-12,0.029519575491850428,0.016777676427572896,0.7912039944880115,0.07355953678530902,0.08893921680725621,Transitional,0.7912039944880115
2025-02-13,0.051846359301503366,0.01160368648235576,0.9025849499160018,0.020999145602082905,0.012965858698056094,Transitional,0.9025849499160018
2025-02-14,0.0060505987872843826,0.0020676888681019447,0.5600958756357377,0.18487263075287771,0.24691320595599825,Transitional,0.5600958756357377
2025-02-17,0.025118781107591324,0.014071055121753802,0.8961173764507795,0.03784300518166083,0.02684978213821459,Transitional,0.8961173764507795
2025-02-18,0.16700894252293577,0.05354749664832751,0.7453031714545466,0.01850191150334339,0.015638477870846785,Transitional,0.7453031714545466
2025-02-19,0.008271647903875802,0.005389456383554351,0.8960547546828357,0.05490127303155534,0.03538286799817886,Transitional,0.8960547546828357
2025-02-20,0.06977393222124957,0.030791098866061198,0.7549136863271476,0.05092267027762563,0.0935986123079159,Transitional,0.7549136863271476
2025-02-21,0.014539742152712695,0.0061197028430692415,0.4679914190664855,0.1619901382850181,0.3493589976527145,Transitional,0.4679914190664855
2025-02-24,0.040428106488692314,0.04007168747577169,0.7614196676971227,0.09347790639465584,0.06460263194375754,Transitional,0.7614196676971227
2025-02-25,0.04150651758486668,0.032470498595278854,0.5504758977874286,0.10707057733391748,0.26847650869850853,Transitional,0.5504758977874286
2025-02-27,0.012479567768742702,0.01613853864720432,0.6069278385135513,0.17406137478658887,0.19039268028391293,Transitional,0.6069278385135513
2025-02-28,0.0023280810390188516,0.0023643461703871205,0.3389791425160955,0.1817627772189284,0.47456565305557014,Risk-Off,0.47456565305557014
2025-03-03,0.008070697525257402,0.006475803188619513,0.3273120917356086,0.05192207024776025,0.6062193373027543,Risk-Off,0.6062193373027543
2025-03-04,0.012077855271434105,0.011100993135585968,0.3464870453419225,0.11866143524372855,0.5116726710073289,Risk-Off,0.5116726710073289
2025-03-05,0.002921731701119664,0.0014689545671277733,0.09604322891191659,0.16201002730360167,0.7375560575162344,Risk-Off,0.7375560575162344
2025-03-06,0.007563063547613121,0.006158369089211181,0.2197125472953278,0.1624479078441032,0.6041181122237448,Risk-Off,0.6041181122237448
2025-03-07,0.027113889404785672,0.004997185437484506,0.27811765630072594,0.149646588129367,0.5401246807276369,Risk-Off,0.5401246807276369
2025-03-10,0.002268384295224308,0.0036365916462204762,0.3332489964233346,0.2247211774925519,0.4361248501426688,Risk-Off,0.4361248501426688
2025-03-11,0.005489852716677494,0.005472595490486159,0.6038706958908101,0.12544070916962846,0.2597261467323979,Transitional,0.6038706958908101
2025-03-12,0.03122014625554973,0.01784632039906919,0.8763673597144565,0.04337108312431507,0.03119509050660966,Transitional,0.8763673597144565
2025-03-13,0.010726779882751968,0.010436360325747967,0.7808879988849693,0.07232735527314749,0.12562150563338326,Transitional,0.7808879988849693
2025-03-17,0.028955972114222874,0.01775994514927306,0.8794043971740234,0.036217716645109865,0.03766196891737095,Transitional,0.8794043971740234
2025-03-18,0.0244122549618174,0.014401357327058504,0.906316561537047,0.03474336782955048,0.020126458344526657,Transitional,0.906316561537047
2025-03-19,0.04983371117536612,0.01868122066069697,0.881760429660114,0.02414492426519691,0.025579714238626042,Transitional,0.881760429660114
2025-03-20,0.06519491850947115,0.02253160972076658,0.8987053009590609,0.00958104403743896,0.003987126773262438,Transitional,0.8987053009590609
2025-03-21,0.01281279842893201,0.0051020735130363655,0.8584885769579526,0.053823002104374344,0.0697735489957048,Transitional,0.8584885769579526
2025-03-24,0.02137644910893561,0.014820024780877298,0.8882184393660453,0.034442963682490925,0.04114212306165093,Transitional,0.8882184393660453
2025-03-25,0.024412964066467868,0.016273794009434635,0.9380804996312508,0.01177085438621618,0.009461887906630446,Transitional,0.9380804996312508
2025-03-26,0.05487569181591372,0.016637954026773098,0.876297799001489,0.023958123896772064,0.02823043125905211,Transitional,0.876297799001489
2025-03-27,0.017757693736479358,0.013340036437771161,0.9224882866376521,0.02641089833111358,0.020003084856983815,Transitional,0.9224882866376521
2025-03-28,0.028101109423092123,0.013757634807558072,0.8466710180467156,0.043914739382675504,0.06755549833995862,Transitional,0.8466710180467156
2025-04-01,0.02836509137981224,0.013331007198837237,0.9035318273012516,0.02740893681452974,0.02736313730556917,Transitional,0.9035318273012516
2025-04-02,0.006526509108272192,0.0051841423024503565,0.9185469140083026,0.043439832390664304,0.0263026021903105,Transitional,0.9185469140083026
2025-04-03,0.0014179852085036903,0.0007476434873493054,0.9720117130683504,0.010227440420329246,0.015595217815467364,Transitional,0.9720117130683504
2025-04-04,0.012611182201170634,0.006219868609890325,0.9250094202057646,0.026935332393137574,0.029224196590036822,Transitional,0.9250094202057646
2025-04-07,0.03444836716297175,0.01272151761465476,0.925073923330136,0.01078886927608512,0.01696732261615232,Transitional,0.925073923330136
2025-04-08,0.023663636019192406,0.05582066344893192,0.7059871805984915,0.0669832978195088,0.14754522211387527,Transitional,0.7059871805984915
2025-04-09,0.011671978242624592,0.02418950491655901,0.8565106616740482,0.05046098510064392,0.057166870066124365,Transitional,0.8565106616740482
2025-04-11,0.03220843063414747,0.07140167244115253,0.7197729885274549,0.07950187532498543,0.09711503307225974,Transitional,0.7197729885274549
2025-04-15,0.08194943037762324,0.21724497821923655,0.6289712160799835,0.0454955399751914,0.026338835347965373,Transitional,0.6289712160799835
2025-04-16,0.011238499970702838,0.03478302847821219,0.6844482842311267,0.21727012748257657,0.05226005983738174,Transitional,0.6844482842311267
2025-04-17,0.008771840489732093,0.02470452153047604,0.5783143685762273,0.2521876893093092,0.13602158009425544,Transitional,0.5783143685762273
2025-04-21,0.016778598743815112,0.0642473629692602,0.8185942728833512,0.08792979151617636,0.012449973887397218,Transitional,0.8185942728833512
2025-04-22,0.016074018682735062,0.02766375372772314,0.7721144636562752,0.153534436104173,0.03061332782909372,Transitional,0.7721144636562752
2025-04-23,0.08213704780504573,0.11597647959148717,0.6955468577592908,0.07426920733443011,0.03207040750974627,Transitional,0.6955468577592908
2025-04-24,0.008822319972491766,0.014843567851046754,0.47822781030043554,0.37576373539311425,0.12234256648291152,Transitional,0.47822781030043554
2025-04-25,0.016415298951185736,0.02862674792424965,0.7508676876618898,0.17648565742099323,0.027604608041681616,Transitional,0.7508676876618898
2025-04-28,0.027650713449965066,0.0595134194678441,0.671364089227877,0.1757381228338185,0.06573365502049539,Transitional,0.671364089227877
2025-04-29,0.009767419992982708,0.02675222752252741,0.887042268112803,0.06923366375481566,0.007204420616871292,Transitional,0.887042268112803
2025-04-30,0.06098902634769174,0.0438906914684744,0.7752943502578465,0.07312715577378583,0.04669877615220151,Transitional,0.7752943502578465
2025-05-02,0.03974207230512108,0.030233339047136668,0.7090890844269158,0.13680017471412093,0.08413532950670564,Transitional,0.7090890844269158
2025-05-05,0.015514526264278518,0.02164493460088241,0.7735246975066773,0.13516377905018148,0.054152062577980234,Transitional,0.7735246975066773
2025-05-06,0.02313410586127042,0.03974544713053527,0.7339820186510351,0.17481783125561987,0.028320597101539446,Transitional,0.7339820186510351
2025-05-07,0.36766556715790355,0.18198853784662636,0.38859410366595776,0.022380461340596805,0.03937132998891557,Transitional,0.38859410366595776
2025-05-08,0.021932533200138413,0.022478141053615106,0.8903942348956267,0.0430792518502043,0.022115839000415343,Transitional,0.8903942348956267
2025-05-09,0.06225652160359534,0.02809922969825929,0.8363068547056044,0.032942659355099074,0.04039473463744196,Transitional,0.8363068547056044
2025-05-12,0.036756149663731565,0.059870417658176425,0.8532487266136883,0.033877596916547105,0.016247109147856535,Transitional,0.8532487266136883
2025-05-13,0.033045436556433404,0.023480786536780228,0.871203353977418,0.05118253874841476,0.02108788418095363,Transitional,0.871203353977418
2025-05-14,0.27791917287859463,0.18654737517237124,0.5023719339376994,0.017051489346759048,0.01611002866457559,Transitional,0.5023719339376994
2025-05-15,0.5304804730761924,0.2381440690218278,0.20457694552452985,0.01151672286630158,0.015281789511148433,Risk-On,0.5304804730761924
2025-05-16,0.5923179609880546,0.20836817452825185,0.17817393782557034,0.008930520692956533,0.012209405965166767,Risk-On,0.5923179609880546
2025-05-19,0.567009983548567,0.28350678287671227,0.13371167250930896,0.0043862576901110666,0.01138530337530086,Risk-On,0.567009983548567
2025-05-20,0.0736826275747707,0.04453228970470064,0.8189437090750007,0.03414653517582269,0.028694838469705296,Transitional,0.8189437090750007
2025-05-21,0.4453759456637509,0.18845830395976762,0.2740150069774234,0.02469093013851218,0.06745981326054595,Risk-On,0.4453759456637509
2025-05-22,0.10262358086366628,0.049202521414924615,0.7258787152669173,0.05249947163070458,0.0697957108237872,Transitional,0.7258787152669173
2025-05-23,0.5816695441028837,0.2492447270575566,0.14973696593723154,0.0056887784027349125,0.013659984499593155,Risk-On,0.5816695441028837
2025-05-26,0.45286007110107646,0.2990301828580099,0.18598103673783606,0.01976689936953652,0.042361809933541154,Risk-On,0.45286007110107646
2025-05-27,0.3174088038076717,0.15781307780895246,0.3937295059517286,0.04634682505604199,0.08470178737560517,Transitional,0.3937295059517286
2025-05-28,0.4788370690623356,0.19706349085932945,0.25853187204410694,0.017163305266558907,0.04840426276766906,Risk-On,0.4788370690623356
2025-05-29,0.618819232166689,0.19069681646925477,0.16247531837880133,0.00664346583885305,0.021365167146402003,Risk-On,0.618819232166689
2025-05-30,0.6989984268675437,0.13922705029938018,0.14252623122629052,0.0035342321834875593,0.015714059423298125,Risk-On,0.6989984268675437
2025-06-02,0.6931223703687244,0.16789155445811754,0.12075681524370271,0.004414115046080466,0.013815144883374835,Risk-On,0.6931223703687244
2025-06-03,0.627204299784667,0.19810775618612145,0.15280863026162264,0.0047278646031760786,0.017151449164412837,Risk-On,0.627204299784667
2025-06-04,0.32300318317295246,0.15133481303989776,0.37595684466915863,0.04433088255565366,0.10537427656233755,Transitional,0.37595684466915863
2025-06-05,0.7591733188881172,0.15868765570242555,0.07238393901489956,0.002486675675533159,0.007268410719024499,Risk-On,0.7591733188881172
2025-06-06,0.6193595060220589,0.22686180952982812,0.11564197627550038,0.011305429678267634,0.02683127849434486,Risk-On,0.6193595060220589
2025-06-09,0.7241903327851946,0.2187685409882179,0.0525205123123217,0.0011263745877109297,0.003394239326554906,Risk-On,0.7241903327851946
2025-06-10,0.7156127088347262,0.1988858302456306,0.07675477987115378,0.001893435326587982,0.006853245721901358,Risk-On,0.7156127088347262
2025-06-11,0.777030208521649,0.1644479748707479,0.04717858039473915,0.002142929660989557,0.00920030655187456,Risk-On,0.777030208521649
2025-06-12,0.8050356209498215,0.1443374151473086,0.039152621740730364,0.0026281695805763453,0.008846172581562985,Risk-On,0.8050356209498215
2025-06-13,0.6363299088849189,0.11079211989741217,0.22946300045726162,0.009593842223081744,0.01382112853732561,Risk-On,0.6363299088849189
2025-06-16,0.6880781959206501,0.17890517628861435,0.12352974570986726,0.0031207929496739023,0.006366089131194428,Risk-On,0.6880781959206501
2025-06-17,0.822209113568456,0.06819915691396407,0.1053055610566389,0.0006792183843955,0.0036069500765454105,Risk-On,0.822209113568456
2025-06-18,0.6200514105871935,0.14594534710940782,0.19905335063880533,0.013470050567256147,0.02147984109733723,Risk-On,0.6200514105871935
2025-06-19,0.024836225244338248,0.008379230357226144,0.7668512013090223,0.03392002029350725,0.16601332279590605,Transitional,0.7668512013090223
2025-06-20,0.03064935845850124,0.0320648060498894,0.692978714210422,0.06828502404934654,0.17602209723184084,Transitional,0.692978714210422
2025-06-23,0.09227494845954094,0.056927836610386084,0.6663397096724736,0.05143283199378407,0.1330246732638153,Transitional,0.6663397096724736
2025-06-24,0.07344052595815367,0.06279610836965056,0.6916409105251151,0.04161691436525678,0.13050554078182383,Transitional,0.6916409105251151
2025-06-25,0.04573866626593183,0.039833447534467444,0.717238824486625,0.05024840318379437,0.14694065852918137,Transitional,0.717238824486625
2025-06-26,0.7433027980742306,0.16860996606087256,0.08586380594340358,0.0006558801142445451,0.001567549807248727,Risk-On,0.7433027980742306
2025-06-27,0.6549402938727016,0.2034744111972342,0.12717485808526482,0.0027406507907452747,0.01166978605405407,Risk-On,0.6549402938727016
2025-06-30,0.5676487511361946,0.15785820841862733,0.23746744062102204,0.009889227708334395,0.02713637211582161,Risk-On,0.5676487511361946
2025-07-01,0.742928230269613,0.13097656857748938,0.11855750996971537,0.0026024377836782217,0.00493525339950412,Risk-On,0.742928230269613
2025-07-02,0.6107183179292242,0.12315714523845682,0.24781853016836056,0.007357209343612258,0.010948797320346277,Risk-On,0.6107183179292242
2025-07-03,0.6203497267980936,0.15141006672213217,0.2118505327733831,0.0034022814280135452,0.012987392278377505,Risk-On,0.6203497267980936
2025-07-04,0.7924731913987928,0.0797895277403525,0.1234737847540717,0.0009458392883755449,0.003317656818407244,Risk-On,0.7924731913987928
2025-07-07,0.7019629437747346,0.09070275523036786,0.19367820631039084,0.0040847209603791824,0.009571373724127672,Risk-On,0.7019629437747346
2025-07-08,0.47860325270311616,0.08032693789290052,0.39980380095173274,0.012874703597620933,0.02839130485462977,Risk-On,0.47860325270311616
2025-07-09,0.7614399347845696,0.11409696394022742,0.11478380916175775,0.0016420201235335355,0.008037271989911617,Risk-On,0.7614399347845696
2025-07-10,0.7290401365438248,0.05306969213512196,0.2111614994286364,0.0022749787038858003,0.004453693188531114,Risk-On,0.7290401365438248
2025-07-11,0.031570330873413585,0.005931424846492139,0.9322324519613204,0.007700798564163175,0.022564993754610605,Transitional,0.9322324519613204
2025-07-14,0.03253570478352123,0.008853738167951299,0.8410522627734733,0.016803605238351022,0.10075468903670319,Transitional,0.8410522627734733
2025-07-15,0.07138212992329765,0.020165046830069446,0.7712328088516239,0.02387266249368126,0.11334735190132768,Transitional,0.7712328088516239
2025-07-16,0.042316370354279244,0.008219388854824629,0.8958833150496817,0.013218889308678308,0.04036203643253618,Transitional,0.8958833150496817
2025-07-17,0.030930328412874894,0.007951614075954164,0.8388143879079722,0.02402318286906445,0.09828048673413423,Transitional,0.8388143879079722
2025-07-18,0.011735460905577809,0.004747481211958194,0.805652978804513,0.016670230706995474,0.1611938483709556,Transitional,0.805652978804513
2025-07-21,0.06998244320050115,0.02009014778210366,0.7856359775565992,0.022747652613559037,0.10154377884723703,Transitional,0.7856359775565992
2025-07-22,0.01958199955725917,0.0053843005949981955,0.8034624729680047,0.02925223586009052,0.1423189910196475,Transitional,0.8034624729680047
2025-07-23,0.022952270179597483,0.015886920716171857,0.650285042460832,0.04485155006678534,0.2660242165766133,Transitional,0.650285042460832
2025-07-24,0.048225439268018665,0.009579992791205966,0.9074391723730639,0.01302720763942715,0.0217281879282843,Transitional,0.9074391723730639
2025-07-25,0.006843490448549788,0.0036249732852964038,0.9360911128121874,0.015473260844372795,0.03796716260959352,Transitional,0.9360911128121874
2025-07-28,0.017104022761137,0.010836352028620587,0.7440336008844979,0.040633189768187195,0.1873928345575573,Transitional,0.7440336008844979
2025-07-29,0.01616495201306877,0.0035391618869783583,0.8958657725261985,0.020324964137018006,0.06410514943673636,Transitional,0.8958657725261985
2025-07-30,0.013451095649215282,0.007013938889626931,0.858209860712003,0.028139791098268176,0.09318531365088667,Transitional,0.858209860712003
2025-07-31,0.022790699416787855,0.004656803929131368,0.925307357567647,0.013511604053667418,0.033733535032766326,Transitional,0.925307357567647
2025-08-01,0.010371929646381712,0.0028775997343684105,0.9326161432267106,0.01737475885756538,0.03675956853497395,Transitional,0.9326161432267106
2025-08-04,0.009775460157632653,0.0027032060296447937,0.7833609535914634,0.04069507332611889,0.16346530689514022,Transitional,0.7833609535914634
2025-08-05,0.010049329674621498,0.004418946914101803,0.8883914581781637,0.0242755324554313,0.07286473277768157,Transitional,0.8883914581781637
2025-08-06,0.06992202869586142,0.014996891792455494,0.8819989597276917,0.012695355215769134,0.02038676456822227,Transitional,0.8819989597276917
2025-08-07,0.007298018183335797,0.0019927536336686504,0.8968454701967161,0.02428820703129314,0.06957555095498635,Transitional,0.8968454701967161
2025-08-08,0.012472117912865592,0.00416565305469554,0.9329168005500623,0.018744358062492698,0.031701070419883896,Transitional,0.9329168005500623
2025-08-11,0.00658296926578961,0.0034189089237229016,0.8821344540869795,0.027329705050253766,0.0805339626732542,Transitional,0.8821344540869795
2025-08-12,0.004855038815561167,0.0011787018898409992,0.9221299201158234,0.014084944974277924,0.0577513942044966,Transitional,0.9221299201158234
2025-08-13,0.01450227135868982,0.003815687840531011,0.9522520119028117,0.015075597367547967,0.014354431530419494,Transitional,0.9522520119028117
2025-08-14,0.006438640369128647,0.002056311278564762,0.8492365825086365,0.022167235746516193,0.12010123009715395,Transitional,0.8492365825086365
2025-08-18,0.013995738407773316,0.005988793000714171,0.7770917580486701,0.041987687788518635,0.16093602275432353,Transitional,0.7770917580486701
2025-08-19,0.009246939879276469,0.002949975198001602,0.9448856611415481,0.01639624207683993,0.026521181704333943,Transitional,0.9448856611415481
2025-08-20,0.010017572540543423,0.002684949199085021,0.9399066113509598,0.017177182263274318,0.030213684646137388,Transitional,0.9399066113509598
2025-08-21,0.002939828898166022,0.0018001365624940439,0.9377010935739819,0.016690694287266338,0.04086824667809172,Transitional,0.9377010935739819
2025-08-22,0.012799674045027435,0.0018680088227704596,0.9537256766596952,0.011321434367017725,0.020285206105489197,Transitional,0.9537256766596952
2025-08-25,0.02820896147209172,0.01030254451010339,0.7640483705206689,0.024162519079616297,0.17327760441751966,Transitional,0.7640483705206689
2025-08-26,0.013600217675712015,0.004212127852024727,0.8850757306617628,0.019079149764115826,0.07803277404638465,Transitional,0.8850757306617628
2025-08-28,0.00632395617051969,0.0017780187073060992,0.918638843423639,0.015654928113409457,0.05760425358512583,Transitional,0.918638843423639
2025-08-29,0.016238893495160275,0.006149816481852101,0.9281203286127634,0.013944479920769848,0.03554648148945437,Transitional,0.9281203286127634
2025-09-01,0.025434020772962994,0.008291854746973793,0.7929198692542682,0.02469699866314473,0.14865725656265044,Transitional,0.7929198692542682
2025-09-02,0.01177823709497795,0.0016817183109748151,0.9761834517201415,0.0056391804267408,0.004717412447164897,Transitional,0.9761834517201415
2025-09-03,0.015575247070817432,0.0034904228294360532,0.898354263068985,0.015038644459041503,0.06754142257172006,Transitional,0.898354263068985
2025-09-04,0.02523655662527399,0.006718396827369453,0.9405786988091523,0.011517783731956784,0.01594856400624742,Transitional,0.9405786988091523
2025-09-05,0.0687009374894135,0.009914309884805735,0.8600927554118305,0.014570372518710028,0.04672162469524029,Transitional,0.8600927554118305
2025-09-08,0.00838780056960007,0.003611741482474853,0.8238346313248287,0.0199657876122295,0.144200039010867,Transitional,0.8238346313248287
2025-09-09,0.08371917696296613,0.015349885269614387,0.874582008050792,0.007205602394814432,0.019143327321813088,Transitional,0.874582008050792
2025-09-10,0.01465432535969205,0.006806183793531916,0.8697421797157229,0.0258690662587299,0.08292824487232336,Transitional,0.8697421797157229
2025-09-11,0.013714560392961461,0.00477961997382725,0.6961673058561287,0.03380563592423277,0.25153287785284967,Transitional,0.6961673058561287
2025-09-12,0.05668947539369726,0.015072947507745666,0.8695113707748435,0.028487711292074523,0.03023849503163913,Transitional,0.8695113707748435
2025-09-15,0.012343174825216319,0.004624494085243881,0.8966320017733997,0.023918310889120983,0.06248201842701895,Transitional,0.8966320017733997
2025-09-16,0.048555941029335525,0.019448927476548437,0.8675781687191358,0.023975892953189363,0.04044106982179085,Transitional,0.8675781687191358
2025-09-17,0.005216512980343227,0.003157698603406085,0.8975838037691547,0.040197352532299155,0.053844632114796856,Transitional,0.8975838037691547
2025-09-18,0.06300875827546007,0.012574285259949691,0.8853855616428356,0.018153455236111928,0.020877939585642744,Transitional,0.8853855616428356
2025-09-19,0.3211532121135033,0.06623973179309285,0.5898480478496186,0.0076768553786870425,0.015082152865098177,Transitional,0.5898480478496186
2025-09-22,0.0216221056179573,0.010125179799700696,0.9291156110461415,0.016692774308060834,0.02244432922813968,Transitional,0.9291156110461415
2025-09-23,0.006295588632902995,0.003458120832548026,0.9071027464639553,0.028318634217284363,0.05482490985330937,Transitional,0.9071027464639553
2025-09-24,0.021410755263600912,0.007687500882698182,0.9102006239805447,0.020060082100199238,0.040641037772957016,Transitional,0.9102006239805447
2025-09-25,0.050801389243512414,0.022733171464902016,0.8561938740551193,0.02038427727362806,0.04988728796283828,Transitional,0.8561938740551193
2025-09-26,0.008137956099068122,0.0028440233330209613,0.9618384362379653,0.00730302904305098,0.019876555286894648,Transitional,0.9618384362379653
2025-09-29,0.005371379301484977,0.0021539674590193418,0.7936866501274302,0.01893831951494879,0.1798496835971166,Transitional,0.7936866501274302
2025-09-30,0.008465721692368249,0.002190213563033668,0.9777584897498287,0.004988760470205314,0.006596814524564117,Transitional,0.9777584897498287
2025-10-01,0.004238997178371198,0.005584795900404555,0.690808089416299,0.02915925603291044,0.27020886147201467,Transitional,0.690808089416299
2025-10-03,0.055221384314196924,0.023486706345025463,0.851491774949808,0.018702631804757133,0.051097502586212276,Transitional,0.851491774949808
2025-10-06,0.01413198315908976,0.0075114800000247554,0.8236763113971813,0.03299664479497077,0.12168358064873339,Transitional,0.8236763113971813
2025-10-07,0.012691906238049786,0.006821087931494205,0.8748641474080757,0.02067776698713361,0.08494509143524669,Transitional,0.8748641474080757
2025-10-08,0.02364968068539816,0.013109435521576085,0.8605523384847381,0.024574540838249656,0.07811400447003801,Transitional,0.8605523384847381
2025-10-09,0.06441547888350581,0.020199751221345423,0.8509298289725761,0.015613186729470282,0.04884175419310244,Transitional,0.8509298289725761
2025-10-10,0.026916110314687294,0.007647874154157552,0.8534127121038253,0.021014050424883267,0.09100925300244665,Transitional,0.8534127121038253
2025-10-13,0.05292949356752214,0.019436819205770655,0.8455884530897699,0.020598666795933984,0.06144656734100339,Transitional,0.8455884530897699
2025-10-14,0.03705720875651953,0.01740818988398579,0.8649589019756803,0.023412796670123335,0.05716290271369121,Transitional,0.8649589019756803
2025-10-15,0.2589135356223429,0.06883814779549764,0.6558338607000045,0.005672826293278242,0.010741629588876717,Transitional,0.6558338607000045
2025-10-16,0.03452672322008123,0.04332715843396542,0.8816589751668322,0.016542137176865288,0.023945006002255794,Transitional,0.8816589751668322
2025-10-17,0.027413811160533198,0.011844135143162154,0.9233290873202615,0.01447309539911196,0.022939870976930957,Transitional,0.9233290873202615
2025-10-20,0.06577977530771696,0.04329917914361449,0.7897526965710387,0.027337352277569085,0.0738309967000608,Transitional,0.7897526965710387
2025-10-21,0.03626526594866268,0.03515359302431633,0.8972371296506091,0.018316071423130784,0.013027939953281024,Transitional,0.8972371296506091
2025-10-23,0.12988127747803324,0.06760245115734902,0.7400381767578885,0.019580060098569836,0.04289803450815942,Transitional,0.7400381767578885
2025-10-24,0.07367459423974736,0.020599363320060404,0.8634474825503774,0.015046558031484072,0.027232001858330874,Transitional,0.8634474825503774
2025-10-27,0.08754792855817466,0.05315124547523315,0.8159501430772705,0.014340322825664834,0.029010360063656742,Transitional,0.8159501430772705
2025-10-28,0.16838252211695667,0.05356200554396253,0.7444850857340171,0.007363028588509416,0.026207358016554248,Transitional,0.7444850857340171
2025-10-29,0.009389236970253532,0.0032049561057268024,0.8236756591197998,0.032547750704229356,0.13118239709999055,Transitional,0.8236756591197998
2025-10-30,0.023949142910502028,0.010417978834494973,0.917488978438248,0.01628651492400903,0.03185738489274608,Transitional,0.917488978438248
2025-10-31,0.35113629572667426,0.07469575708949916,0.5574208511872747,0.005207865515501035,0.01153923048105098,Transitional,0.5574208511872747
2025-11-03,0.004677857214204742,0.0027376633796090863,0.9406471617771454,0.016499648277576096,0.03543766935146471,Transitional,0.9406471617771454
2025-11-04,0.21907325999450109,0.07712473239466333,0.6683905538459582,0.01192913504829278,0.023482318716584724,Transitional,0.6683905538459582
2025-11-06,0.07882703213624719,0.028370288812305862,0.8172472612134648,0.0220073349794635,0.05354808285851873,Transitional,0.8172472612134648
2025-11-07,0.01947922882883151,0.008833487317752594,0.9062348786792332,0.013372743264408902,0.05207966190977377,Transitional,0.9062348786792332
2025-11-10,0.427345776618995,0.09198182550246393,0.4451830510077271,0.005520010309332374,0.02996933656148165,Transitional,0.4451830510077271
2025-11-11,0.15753280527793084,0.045895386841199544,0.7365352896070675,0.011813188668013697,0.0482233296057885,Transitional,0.7365352896070675
2025-11-12,0.10683624626717084,0.032969212654715356,0.8228903416048137,0.007012332944204077,0.0302918665290961,Transitional,0.8228903416048137
2025-11-13,0.06755655193488487,0.017315851526525282,0.896584748568715,0.0061149263725954785,0.012427921597279453,Transitional,0.896584748568715
2025-11-14,0.05093207012499258,0.013899097786003902,0.7919082980864515,0.028940424117184848,0.1143201098853671,Transitional,0.7919082980864515
2025-11-17,0.07637775899633208,0.04540022755028006,0.6900772270171819,0.034819828223131524,0.15332495821307449,Transitional,0.6900772270171819
2025-11-18,0.1875578833005441,0.07243298532010135,0.719446643264789,0.006551228505372088,0.01401125960919354,Transitional,0.719446643264789
2025-11-19,0.023217893633174638,0.012895771719854003,0.8002429041985265,0.03740696833573767,0.1262364621127072,Transitional,0.8002429041985265
2025-11-20,0.06967166527842472,0.0360928537911974,0.8057046131534208,0.025967999896556185,0.06256286788040095,Transitional,0.8057046131534208
2025-11-21,0.08801118232875262,0.022982300122810342,0.7904128371553291,0.022124239544823798,0.07646944084828418,Transitional,0.7904128371553291
2025-11-24,0.049465844699003024,0.013807051349525803,0.8410313569197195,0.026181088258145118,0.06951465877360641,Transitional,0.8410313569197195
2025-11-25,0.024744086266166188,0.014111033346457117,0.7126781003906918,0.042736105376838744,0.2057306746198462,Transitional,0.7126781003906918
2025-11-26,0.07409793216407576,0.06070917368770186,0.7533725181524065,0.036063936178294204,0.07575643981752167,Transitional,0.7533725181524065
2025-11-27,0.19585139569232088,0.09113675291076863,0.6859965773275737,0.009998847217956991,0.017016426851379853,Transitional,0.6859965773275737
2025-11-28,0.47764065032291536,0.16685491583946074,0.31251868472884353,0.00528860559453331,0.037697143514247106,Risk-On,0.47764065032291536
2025-12-01,0.30841088074190814,0.10211967184191952,0.5408577796538084,0.007340836240490036,0.041270831521873816,Transitional,0.5408577796538084
2025-12-02,0.13607514106148852,0.04027993157796354,0.7692407396162324,0.016169985641576772,0.03823420210273883,Transitional,0.7692407396162324
2025-12-03,0.11019195644857246,0.05583895410222224,0.6494019162323433,0.032593565248613975,0.15197360796824805,Transitional,0.6494019162323433
2025-12-04,0.188536914915576,0.046912191020090595,0.7401229426937016,0.006174302676271189,0.018253648694360664,Transitional,0.7401229426937016
2025-12-05,0.022158251782949532,0.010401707583230675,0.8964428754426582,0.02023317566361858,0.05076398952754294,Transitional,0.8964428754426582
2025-12-08,0.15330982977690277,0.04048425417348937,0.6992544437362683,0.037428722363731196,0.06952274994960833,Transitional,0.6992544437362683
2025-12-09,0.14610202359558477,0.0400014584831334,0.7707591217698763,0.0076296013063162915,0.03550779484508929,Transitional,0.7707591217698763
2025-12-10,0.035518139735504314,0.012539608033544659,0.8799064703305354,0.01774237905057831,0.05429340284983742,Transitional,0.8799064703305354
2025-12-11,0.030573275173002117,0.015834063782520773,0.6561418743891865,0.05854225105149006,0.2389085356038007,Transitional,0.6561418743891865
2025-12-12,0.10175551440086232,0.04597282660572252,0.7793188019921133,0.009759680927574005,0.0631931760737279,Transitional,0.7793188019921133
2025-12-15,0.03674466856382779,0.01152796947156103,0.9105645038938328,0.013433180951049787,0.027729677119728575,Transitional,0.9105645038938328
2025-12-16,0.1244327293863523,0.033439009306488125,0.8098458225269088,0.008808411401523112,0.02347402737872759,Transitional,0.8098458225269088
2025-12-17,0.1449917076493369,0.036843019152579225,0.781182802664125,0.011956380483693477,0.025026090050265366,Transitional,0.781182802664125
2025-12-18,0.095047710598323,0.02362080008319486,0.8536187504135171,0.011679044268492443,0.0160336946364726,Transitional,0.8536187504135171
2025-12-19,0.024799916592438527,0.011328285019818835,0.8533025711708467,0.03333217978838064,0.07723704742851524,Transitional,0.8533025711708467
2025-12-22,0.0441338243784333,0.012472044030344406,0.9063850406486198,0.012315006861503974,0.02469408408109854,Transitional,0.9063850406486198
2025-12-23,0.10873624238907699,0.021580065893168243,0.8515881635650756,0.009128879575130804,0.008966648577548475,Transitional,0.8515881635650756
2025-12-24,0.01428217053757092,0.0027377362660597807,0.9618440148935246,0.010865298021582346,0.010270780281262415,Transitional,0.9618440148935246
2025-12-26,0.050268347685018255,0.007494736363049774,0.8961934505051957,0.019150143454819635,0.026893321991916793,Transitional,0.8961934505051957
2025-12-29,0.07595066917521542,0.012193961346574671,0.8596801342629115,0.024618682498861084,0.027556552716437355,Transitional,0.8596801342629115
2025-12-30,0.008485617593901302,0.00153531724513508,0.8783123837816839,0.026267653448000652,0.08539902793127901,Transitional,0.8783123837816839
2025-12-31,0.04647815117897478,0.008012025193121865,0.8822818800113463,0.018781789864543322,0.04444615375201373,Transitional,0.8822818800113463
2026-01-01,0.031744351368088536,0.007850339910200115,0.9137346155752515,0.01890969031553588,0.027761002830924024,Transitional,0.9137346155752515
2026-01-02,0.028825466540221088,0.007911682367656022,0.9220410958546715,0.01699683405319735,0.024224921184254008,Transitional,0.9220410958546715
2026-01-05,0.03549196975928758,0.0050798352167905955,0.9022923063209287,0.019884643790890368,0.03725124491210279,Transitional,0.9022923063209287
2026-01-06,0.01960406298439851,0.003533649644832107,0.8963652681241573,0.024375974022113278,0.05612104522449889,Transitional,0.8963652681241573
2026-01-07,0.014095412004766807,0.002358809720726553,0.8430875364414405,0.036412183397373336,0.10404605843569278,Transitional,0.8430875364414405
2026-01-08,0.029954753590716827,0.003903453028837861,0.9300513444975098,0.01426257097412963,0.021827877908805762,Transitional,0.9300513444975098
2026-01-09,0.018640225434902565,0.003823767776666345,0.8281728966158746,0.032104197542376,0.11725891263018047,Transitional,0.8281728966158746
2026-01-12,0.032105371391100104,0.004929921232249557,0.8606987288566461,0.01878835671873059,0.0834776218012737,Transitional,0.8606987288566461
2026-01-13,0.012256031883213218,0.0022025912584407023,0.9129630368868918,0.018914536546980113,0.053663803424474125,Transitional,0.9129630368868918
2026-01-14,0.029080562614373192,0.003362761619874996,0.9134445760069572,0.014165232930593491,0.0399468668282011,Transitional,0.9134445760069572
2026-01-16,0.02844301268925396,0.0032033139111347134,0.9188533448418185,0.01704132057349215,0.032459007984300736,Transitional,0.9188533448418185
2026-01-19,0.011316187218729963,0.000811852641096317,0.9033384263977396,0.01555127396764416,0.06898225977478997,Transitional,0.9033384263977396
2026-01-20,0.00984604685676026,0.0009283508436323119,0.9209718950885203,0.013069116870006675,0.05518459034108044,Transitional,0.9209718950885203
2026-01-21,0.0021964710636014173,0.0007066887858414536,0.9534688265645748,0.013075550363525961,0.030552463222456402,Transitional,0.9534688265645748
2026-01-22,0.013101768233583916,0.002596404154161891,0.9254114613942827,0.020031410082440058,0.03885895613553145,Transitional,0.9254114613942827
2026-01-23,0.01562874000866447,0.0037577233653668567,0.9430887395775895,0.013955421865264541,0.023569375183114537,Transitional,0.9430887395775895
2026-01-27,0.16950124820141552,0.023573863080429937,0.7867040585963994,0.007864551470391837,0.012356278651363382,Transitional,0.7867040585963994
2026-01-28,0.03631472349545221,0.011728805317869703,0.8952143864006052,0.015107066204376195,0.04163501858169675,Transitional,0.8952143864006052
2026-01-29,0.007855695191672127,0.0013826467794578125,0.9774158270246355,0.009601663446462062,0.0037441675577724828,Transitional,0.9774158270246355
2026-01-30,0.020778266973379526,0.00166829042543247,0.9681449333831548,0.005316683822577688,0.004091825395455584,Transitional,0.9681449333831548
2026-02-02,0.01591855859209681,0.00243222787114272,0.9123425348720746,0.024638651596751368,0.04466802706793447,Transitional,0.9123425348720746
2026-02-03,0.0615732530850375,0.018403974328368815,0.8758982367136061,0.019383029815781296,0.024741506057206344,Transitional,0.8758982367136061
2026-02-04,0.022496726589879352,0.007775277885752308,0.8783430840915273,0.05195431972182966,0.03943059171101146,Transitional,0.8783430840915273
2026-02-05,0.01818187202869782,0.00565106602066952,0.9350462923121361,0.021274903249727688,0.019845866388768937,Transitional,0.9350462923121361
2026-02-06,0.004110328431631229,0.001685583846947688,0.9466224626137074,0.027776447047824282,0.019805178059889503,Transitional,0.9466224626137074
2026-02-09,0.021579177681474545,0.004003151814852161,0.9374743172580862,0.02437357108300642,0.012569782162580803,Transitional,0.9374743172580862
2026-02-10,0.0032753299677300584,0.000517329441200506,0.9726382797709356,0.017291188283597107,0.006277872536536739,Transitional,0.9726382797709356
2026-02-11,0.016257872998508303,0.005196077120116482,0.9195454318629311,0.04055851262936226,0.0184421053890818,Transitional,0.9195454318629311
2026-02-12,0.006807587736523707,0.00299626851451013,0.9330010335369749,0.045273317977142055,0.011921792234849144,Transitional,0.9330010335369749
2026-02-13,0.009904982228492128,0.0015551076557968541,0.9286418590753234,0.03006118696802557,0.02983686407236222,Transitional,0.9286418590753234
2026-02-16,0.02425420019034222,0.0065022067033856665,0.8512674480667227,0.04579531344890753,0.07218083159064179,Transitional,0.8512674480667227
2026-02-17,0.04301232980115126,0.007567013066014579,0.9146776724865991,0.022138220676036522,0.012604763970198446,Transitional,0.9146776724865991
2026-02-18,0.02004154456783344,0.005792859203556499,0.9169033561058549,0.036308824313603084,0.020953415809152144,Transitional,0.9169033561058549
2026-02-19,0.010957730394338916,0.0013281658910289202,0.9712040099880586,0.011217315888885053,0.0052927778376885976,Transitional,0.9712040099880586
2026-02-20,0.015102597441691585,0.0032933750977699808,0.9341054101274013,0.032419968123317704,0.015078649209819328,Transitional,0.9341054101274013
2026-02-23,0.02178505903643949,0.006655290145167929,0.9346313624061112,0.024362439240514382,0.01256584917176704,Transitional,0.9346313624061112
2026-02-24,0.00919346872729376,0.001263041491377704,0.9462990626062666,0.022554089399117253,0.020690337775944534,Transitional,0.9462990626062666
2026-02-25,0.009724373435675721,0.001544086667934629,0.9501138448104068,0.023541302938084197,0.015076392147898578,Transitional,0.9501138448104068
2026-02-26,0.008887983873209009,0.0017387343486706217,0.9692694667148068,0.016421966083969678,0.0036818489793437265,Transitional,0.9692694667148068
2026-02-27,0.01387738336769703,0.0034003728309015516,0.942104105195034,0.02390658085189466,0.016711557754472757,Transitional,0.942104105195034
2026-03-02,0.00939238030554823,0.0022020840545796724,0.9052736575810378,0.03521291988676765,0.047918958172066595,Transitional,0.9052736575810378
2026-03-04,0.008216135951426694,0.0009004269798857687,0.969614830248766,0.009591076894202976,0.011677529925718542,Transitional,0.969614830248766
2026-03-05,0.004314095961315107,0.0019653152952627114,0.9525627283078582,0.015372822379084767,0.025785038056479286,Transitional,0.9525627283078582
2026-03-06,0.030444963026540872,0.006180948840516282,0.9007909508578803,0.02352931033154474,0.03905382694351788,Transitional,0.9007909508578803
2026-03-09,0.007398158160824557,0.0024400018250727447,0.965254465749038,0.015100548379878866,0.009806825885185895,Transitional,0.965254465749038
2026-03-10,0.010692494908753934,0.006684285418240602,0.9248372252633814,0.03649059864728862,0.021295395762335426,Transitional,0.9248372252633814
2026-03-11,0.011533277595080871,0.0014582200541832728,0.952219355456884,0.013844047809809374,0.020945099084042615,Transitional,0.952219355456884
2026-03-12,0.01741826462012096,0.004137596099412354,0.4387149087893257,0.07227449881602392,0.46745473167511703,Risk-Off,0.46745473167511703
2026-03-13,0.00976429021571436,0.001078370999879863,0.6813133709468977,0.0579094290971188,0.24993453874038932,Transitional,0.6813133709468977
2026-03-16,0.010709024571202819,0.004279654961792685,0.27434634746225284,0.1022937788484823,0.6083711941562694,Risk-Off,0.6083711941562694
2026-03-17,0.02185488415124009,0.007360959862129572,0.29856273417579315,0.09444763822974876,0.5777737835810884,Risk-Off,0.5777737835810884
2026-03-18,0.012800196620849321,0.01756406773542874,0.8376055905716694,0.09566891432710498,0.03636123074494758,Transitional,0.8376055905716694
2026-03-19,0.002114315076930129,0.0004625664512103272,0.5514996294386603,0.15688913490745962,0.2890343541257395,Transitional,0.5514996294386603
2026-03-20,0.018870304700437063,0.0030132053332464015,0.5740093913285143,0.07111617427059042,0.3329909243672119,Transitional,0.5740093913285143
2026-03-23,0.001735716441834606,0.00053201621616713,0.2708015827507743,0.2581804706348841,0.4687502139563398,Risk-Off,0.4687502139563398
2026-03-24,0.00644263286701419,0.0018848332424974059,0.09948983013184637,0.12044110636427942,0.7717415973943627,Risk-Off,0.7717415973943627
2026-03-25,0.00945017549901435,0.003222715368439189,0.09100735136280333,0.20584625916705715,0.690473498602686,Risk-Off,0.690473498602686
2026-03-27,0.017097919550402952,0.005087278370131724,0.44809102073716683,0.1539918812223835,0.375731900119915,Transitional,0.44809102073716683
2026-03-30,0.00018719768203118988,0.0002996751950136159,0.2566584886537084,0.3623044884961585,0.38055014997308845,Risk-Off,0.38055014997308845
2026-04-01,0.000411702842154074,0.0004358146359746102,0.08878316844970251,0.3129183893594502,0.5974509247127185,Risk-Off,0.5974509247127185
2026-04-02,0.0003140562757357508,0.00025961862429696144,0.19245221243342187,0.47739015169708365,0.32958396096946185,Post-Shock,0.47739015169708365
2026-04-06,0.0013499985109684956,0.0016576522244205855,0.10875051288948215,0.3551719656855392,0.5330698706895896,Risk-Off,0.5330698706895896
2026-04-07,0.0048481996164361696,0.0018907667621654916,0.21720002932077903,0.4397921296041904,0.3362688746964289,Post-Shock,0.4397921296041904
2026-04-08,0.00012939260685051129,0.0016481824626018232,0.2611631337235831,0.6877303441941027,0.0493289470128619,Post-Shock,0.6877303441941027
2026-04-09,0.0005778732865561197,0.0004674271662030967,0.29574584659053005,0.6323228567756184,0.07088599618109247,Post-Shock,0.6323228567756184
2026-04-10,0.00025026494925799246,0.0004960579523471736,0.16990459828286514,0.7171680437695843,0.11218103504594544,Post-Shock,0.7171680437695843
2026-04-13,7.846778403800162e-05,5.0762696066412875e-05,0.2531516770719126,0.6557353935535815,0.09098369889440165,Post-Shock,0.6557353935535815
